gamma,net_arch,log_prob_loss,target_log_probs,target_back_probs,reward_type,adv_coef,horizon,n_epochs,policy_name,n_traj,temp,n_trials,n_states,lr,val_coef,hard,use_returns,use_z,kl_coef,use_scheduler,scores_mean,scores_std,correls_mean,correls_std
0.99,"[8, 8]",kl,True,True,state,0.0,7,100,Hard Smax,20,1,5,6,0.001,0.0,True,True,True,1.0,False,0.2947099349463332,0.35536365918473917,0.1741911210574952,0.3620511175859125
0.99,"[8, 8]",kl,True,True,next state only,0.0,7,100,Hard Smax,20,1,5,6,0.001,0.0,True,True,True,1.0,False,0.16044183322458755,0.10116440099209358,0.23327565870358305,0.5034918347638307
0.99,"[8, 8]",kl,True,True,next state only,1.0,7,100,Hard Smax,20,1,5,6,0.001,0.0,True,True,True,1.0,False,0.07678052615781483,0.05267405529352504,-0.09065941751354416,0.44031747220406814
0.99,"[8, 8]",kl,True,True,state,1.0,7,100,Hard Smax,20,1,5,6,0.001,0.0,True,True,True,1.0,False,0.10071485666954298,0.04758692892421176,-0.3133626143241905,0.18307852511119815
0.99,"[8, 8]",kl,True,False,next state only,0.0,7,100,Hard Smax,20,1,5,6,0.001,0.0,True,True,True,1.0,False,0.17226053127422328,4.463071316695988e-06,0.5653526956291846,0.2022992864259118
0.99,"[8, 8]",kl,True,False,next state only,1.0,7,100,Hard Smax,20,1,5,6,0.001,0.0,True,True,True,1.0,False,0.32729531547217106,0.3101019810443974,0.4012855509411414,0.18800593500456964
0.99,"[8, 8]",kl,True,False,state,1.0,7,100,Hard Smax,20,1,5,6,0.001,0.0,True,True,True,1.0,False,0.13059714692931548,0.055119580060473745,0.11463043962021142,0.3448242013540956
0.99,"[8, 8]",kl,True,False,state,0.0,7,100,Hard Smax,20,1,5,6,0.001,0.0,True,True,True,1.0,False,0.17224122894585014,1.308124400321998e-05,0.2271467590220435,0.26166767455910317
0.99,"[8, 8]",kl,True,True,next state only,0.0,7,100,Hard Smax,100,1,5,6,0.001,0.0,True,True,True,1.0,False,0.19740336234266853,0.20914381471490312,-0.06789618881070927,0.2995015688312384
0.99,"[8, 8]",kl,True,False,next state only,0.0,7,100,Hard Smax,100,1,5,6,0.001,0.0,True,True,True,1.0,False,0.11434306706879042,0.07112065099251237,0.08229257406772146,0.401221958785928
0.99,"[8, 8]",kl,True,True,state,0.0,7,100,Hard Smax,100,1,5,6,0.001,0.0,True,True,True,1.0,False,0.12144959851825368,0.06292697553444622,-0.014238951293437052,0.19448462468524394
0.99,"[8, 8]",kl,True,False,state,0.0,7,100,Hard Smax,100,1,5,6,0.001,0.0,True,True,True,1.0,False,0.15392109445026558,0.036628030383213335,0.1450811928066002,0.213804004848459
0.99,"[8, 8]",kl,True,True,next state only,1.0,7,100,Hard Smax,100,1,5,6,0.001,0.0,True,True,True,1.0,False,0.2784368012969785,0.34260902400547655,0.3582165826632807,0.513436488983971
0.99,"[8, 8]",kl,True,True,next state only,0.0,7,100,Hard Smax,20,5,5,6,0.001,0.0,True,True,True,1.0,False,0.3378102102479053,0.3310948948760474,0.4377899517724718,0.27070884718105453
0.99,"[8, 8]",kl,True,False,next state only,0.0,7,100,Hard Smax,20,5,5,6,0.001,0.0,True,True,True,1.0,False,0.17226276280988162,0.0,0.2991687577102648,0.169081551676655
0.99,"[8, 8]",kl,True,True,state,0.0,7,100,Hard Smax,20,5,5,6,0.001,0.0,True,True,True,1.0,False,0.3378102102479053,0.3310948948760474,0.6085917461435286,0.14100793265641098
0.99,"[8, 8]",kl,True,False,state,0.0,7,100,Hard Smax,20,5,5,6,0.001,0.0,True,True,True,1.0,False,0.29947108472312844,0.3543124417613157,0.3329882395322713,0.33186979476962414
0.99,"[8, 8]",kl,True,False,next state only,1.0,7,100,Hard Smax,100,1,5,6,0.001,0.0,True,True,True,1.0,False,0.12189167575814992,0.06303014161058389,0.2541186879807588,0.44218388674724685
0.99,"[8, 8]",kl,True,False,next state only,1.0,7,100,Hard Smax,20,5,5,6,0.001,0.0,True,True,True,1.0,False,0.3378102102479053,0.3310948948760474,0.5258188990923395,0.2821742610834663
0.99,"[8, 8]",kl,True,True,state,1.0,7,100,Hard Smax,20,5,5,6,0.001,0.0,True,True,True,1.0,False,0.4877549448361752,0.41921531443173626,0.39167761823495756,0.24623490348414165
0.99,"[8, 8]",kl,True,True,next state only,1.0,7,100,Hard Smax,20,5,5,6,0.001,0.0,True,True,True,1.0,False,0.33780194418019915,0.33107836274063507,0.3516726611560346,0.16245392226488936
0.99,"[8, 8]",kl,True,False,state,1.0,7,100,Hard Smax,20,5,5,6,0.001,0.0,True,True,True,1.0,False,0.3378102102479053,0.3310948948760474,0.43312289501587137,0.12299666939138743
0.99,"[8, 8]",kl,True,True,state,1.0,7,100,Hard Smax,100,1,5,6,0.001,0.0,True,True,True,1.0,False,0.09382679299779664,0.06485009151032417,-0.3392979627096747,0.2213211848053898
0.99,"[8, 8]",kl,True,False,state,1.0,7,100,Hard Smax,100,1,5,6,0.001,0.0,True,True,True,1.0,False,0.11137539703729522,0.050613859943885654,0.02331453465041845,0.33966547223489435
0.99,"[8, 8]",kl,True,True,state,0.0,7,100,Hard Smax,100,5,5,6,0.001,0.0,True,True,True,1.0,False,0.8344525525619764,0.3310948948760474,0.833615624628506,0.15996804556208244
0.99,"[8, 8]",kl,True,True,next state only,0.0,7,100,Hard Smax,100,5,5,6,0.001,0.0,True,True,True,1.0,False,0.8344525525619764,0.3310948948760474,0.767803519247035,0.2742129848180363
0.99,"[8, 8]",kl,True,False,state,0.0,7,100,Hard Smax,100,5,5,6,0.001,0.0,True,True,True,1.0,False,0.6413462569071186,0.4407910751177973,0.397897904064764,0.29865556915785507
0.99,"[8, 8]",kl,True,False,next state only,1.0,7,100,Hard Smax,100,5,5,6,0.001,0.0,True,True,True,1.0,False,1.0,0.0,0.9001622980328818,0.036799275258913244
0.99,"[8, 8]",kl,True,True,next state only,0.0,7,100,Hard Smax,20,1,5,6,0.001,0.5,True,True,True,1.0,False,0.06482185447647351,0.05679972561898427,0.13280182655598655,0.5163533723870892
0.99,"[8, 8]",kl,True,True,next state only,1.0,7,100,Hard Smax,100,5,5,6,0.001,0.0,True,True,True,1.0,False,1.0,0.0,0.909818162174768,0.05807246748633621
0.99,"[8, 8]",kl,True,False,next state only,0.0,7,100,Hard Smax,100,5,5,6,0.001,0.0,True,True,True,1.0,False,0.6591925542346552,0.3979717661684552,0.5621527915927542,0.24995448932928538
0.99,"[8, 8]",kl,True,False,next state only,0.0,7,100,Hard Smax,20,1,5,6,0.001,0.5,True,True,True,1.0,False,0.14231414173825332,0.059833642036470285,0.39326999297265164,0.1090814292738504
0.99,"[8, 8]",kl,True,True,state,0.0,7,100,Hard Smax,20,1,5,6,0.001,0.5,True,True,True,1.0,False,0.26677844108605536,0.36996176740813513,-0.09860011251284313,0.4200435834532549
0.99,"[8, 8]",kl,True,False,state,0.0,7,100,Hard Smax,20,1,5,6,0.001,0.5,True,True,True,1.0,False,0.17226276280988162,0.0,-0.12739273364758888,0.09356785442732352
0.99,"[8, 8]",kl,True,True,next state only,1.0,7,100,Hard Smax,20,1,5,6,0.001,0.5,True,True,True,1.0,False,0.11029707992229972,0.06005797762806833,0.06863505676255185,0.17338550253538307
0.99,"[8, 8]",kl,True,False,next state only,1.0,7,100,Hard Smax,20,1,5,6,0.001,0.5,True,True,True,1.0,False,0.13108521218532868,0.05282348176001215,0.5125526537679679,0.14281949785644035
0.99,"[8, 8]",kl,True,False,state,1.0,7,100,Hard Smax,20,1,5,6,0.001,0.5,True,True,True,1.0,False,0.172251281847705,2.296192435324862e-05,-0.1262302623584722,0.20912788088015244
0.99,"[8, 8]",kl,True,True,state,1.0,7,100,Hard Smax,20,1,5,6,0.001,0.5,True,True,True,1.0,False,0.17114689961786775,0.002224734642608241,-0.26273197367088585,0.5532901319682291
0.99,"[8, 8]",kl,True,True,state,1.0,7,100,Hard Smax,100,5,5,6,0.001,0.0,True,True,True,1.0,False,0.6689051051239526,0.40550677444337635,0.6447969092490673,0.24626807300942752
0.99,"[8, 8]",kl,True,True,next state only,0.0,7,100,Hard Smax,100,1,5,6,0.001,0.5,True,True,True,1.0,False,0.18467188391188172,0.1304242270913343,-0.12566786029316301,0.38289616389132974
0.99,"[8, 8]",kl,True,False,next state only,0.0,7,100,Hard Smax,100,1,5,6,0.001,0.5,True,True,True,1.0,False,0.09541449802334603,0.06565629126936756,0.5921638592867072,0.09908273198599009
0.99,"[8, 8]",kl,True,True,state,0.0,7,100,Hard Smax,100,1,5,6,0.001,0.5,True,True,True,1.0,False,0.221975530999458,0.26753422857611897,0.23295082353579938,0.3708706779719052
0.99,"[8, 8]",kl,True,False,state,1.0,7,100,Hard Smax,100,5,5,6,0.001,0.0,True,True,True,1.0,False,0.9999332036060775,0.00013359278784492724,0.809972620689264,0.19250042796648636
0.99,"[8, 8]",kl,True,True,next state only,1.0,7,100,Hard Smax,100,1,5,6,0.001,0.5,True,True,True,1.0,False,0.15649115677108338,0.023566704812481527,0.2321203919045202,0.23491756894489677
0.99,"[8, 8]",kl,True,True,next state only,0.0,7,100,Hard Smax,20,5,5,6,0.001,0.5,True,True,True,1.0,False,0.5033576576859289,0.4055067744433763,0.4369804456991533,0.33938369151528686
0.99,"[8, 8]",kl,True,False,next state only,0.0,7,100,Hard Smax,20,5,5,6,0.001,0.5,True,True,True,1.0,False,0.11974297631352607,0.06449397534685847,0.273888634478371,0.36213663294932413
0.99,"[8, 8]",kl,True,False,state,0.0,7,100,Hard Smax,100,1,5,6,0.001,0.5,True,True,True,1.0,False,0.17225725996573302,1.1005688297205385e-05,-0.06744598070746409,0.22814912383280536
0.99,"[8, 8]",kl,True,False,state,0.0,7,100,Hard Smax,20,5,5,6,0.001,0.5,True,True,True,1.0,False,0.10204627948616915,0.06756116726456479,0.11978236144822878,0.4792826785119215
0.99,"[8, 8]",kl,True,True,next state only,1.0,7,100,Hard Smax,20,5,5,6,0.001,0.5,True,True,True,1.0,False,0.33757951558385446,0.33063350554794574,0.39075573618011916,0.2150597176384868
0.99,"[8, 8]",kl,True,False,next state only,1.0,7,100,Hard Smax,20,5,5,6,0.001,0.5,True,True,True,1.0,False,0.6689051051239527,0.4055067744433763,0.37019632962308113,0.13166414966308565
0.99,"[8, 8]",kl,True,True,state,1.0,7,100,Hard Smax,20,5,5,6,0.001,0.5,True,True,True,1.0,False,0.3378102102479053,0.3310948948760474,0.38979617279350187,0.20129691454900067
0.99,"[8, 8]",kl,True,False,next state only,1.0,7,100,Hard Smax,100,1,5,6,0.001,0.5,True,True,True,1.0,False,0.14742639718813308,0.043174884964697076,0.47529803218438216,0.30569989879736315
0.99,"[8, 8]",kl,True,False,state,1.0,7,100,Hard Smax,20,5,5,6,0.001,0.5,True,True,True,1.0,False,0.33742577865676876,0.3303998391058247,0.29758657120168497,0.34301054061455954
0.99,"[8, 8]",kl,True,True,state,0.0,7,100,Hard Smax,20,5,5,6,0.001,0.5,True,True,True,1.0,False,0.31229745271896364,0.34738246411116686,0.36636653386082285,0.2940199174924076
0.99,"[8, 8]",kl,True,False,state,1.0,7,100,Hard Smax,100,1,5,6,0.001,0.5,True,True,True,1.0,False,0.15795617337973525,0.028574588024282938,0.04739580123983487,0.2389443432120655
0.99,"[8, 8]",kl,True,True,state,1.0,7,100,Hard Smax,100,1,5,6,0.001,0.5,True,True,True,1.0,False,0.1367478781248829,0.04722814410876516,-0.20010737657783711,0.3574481988969477
0.99,"[8, 8]",kl,True,False,next state only,0.0,7,100,Hard Smax,100,5,5,6,0.001,0.5,True,True,True,1.0,False,0.1331353814530085,0.0499906587752021,0.06266720782078683,0.303439883530629
0.99,"[8, 8]",kl,True,True,next state only,0.0,7,100,Hard Smax,100,5,5,6,0.001,0.5,True,True,True,1.0,False,1.0,0.0,0.8425031908685338,0.010932207743226658
0.99,"[8, 8]",kl,True,True,next state only,0.0,7,100,Hard Smax,20,1,5,6,0.001,0.0,False,True,True,1.0,False,0.1290019030827571,0.05734901998120231,0.26863835202703373,0.18760269428671897
0.99,"[8, 8]",kl,True,False,next state only,0.0,7,100,Hard Smax,20,1,5,6,0.001,0.0,False,True,True,1.0,False,0.172252513026049,1.9813282968642206e-05,0.24933145672038542,0.1176619950570757
0.99,"[8, 8]",kl,True,True,next state only,1.0,7,100,Hard Smax,100,5,5,6,0.001,0.5,True,True,True,1.0,False,0.8344525525619764,0.3310948948760474,0.7435915275424705,0.17657055325295878
0.99,"[8, 8]",kl,True,True,state,0.0,7,100,Hard Smax,100,5,5,6,0.001,0.5,True,True,True,1.0,False,1.0,0.0,0.8570830989422105,0.02005131791974319
0.99,"[8, 8]",kl,True,True,state,0.0,7,100,Hard Smax,20,1,5,6,0.001,0.0,False,True,True,1.0,False,0.15729643404029797,0.029886859288416095,-0.007158477223073162,0.14258193322208373
0.99,"[8, 8]",kl,True,False,state,0.0,7,100,Hard Smax,20,1,5,6,0.001,0.0,False,True,True,1.0,False,0.17223112048180403,2.4077030300071815e-05,0.08529890111590502,0.1333942672823466
0.99,"[8, 8]",kl,True,True,state,1.0,7,100,Hard Smax,100,5,5,6,0.001,0.5,True,True,True,1.0,False,0.8344525525619764,0.3310948948760474,0.7573250106693701,0.2018917075840245
0.99,"[8, 8]",kl,True,True,next state only,1.0,7,100,Hard Smax,20,1,5,6,0.001,0.0,False,True,True,1.0,False,0.1335402868479718,0.05372638549526234,0.03215246093777361,0.08528882856287306
0.99,"[8, 8]",kl,True,False,state,0.0,7,100,Hard Smax,100,5,5,6,0.001,0.5,True,True,True,1.0,False,0.2163535704347152,0.23892942742685733,0.26294701896040606,0.5778666439792334
0.99,"[8, 8]",kl,True,False,next state only,1.0,7,100,Hard Smax,20,1,5,6,0.001,0.0,False,True,True,1.0,False,0.15664744990306717,0.031199129700812272,0.3558596670562781,0.19640656236740722
0.99,"[8, 8]",kl,True,True,state,1.0,7,100,Hard Smax,20,1,5,6,0.001,0.0,False,True,True,1.0,False,0.15657176023692704,0.031366710648030253,0.0082865599881416,0.15285444098727397
0.99,"[8, 8]",kl,True,False,state,1.0,7,100,Hard Smax,20,1,5,6,0.001,0.0,False,True,True,1.0,False,0.14508624146150637,0.054300322126291906,0.12419439684367617,0.15045155400590626
0.99,"[8, 8]",kl,True,False,state,1.0,7,100,Hard Smax,100,5,5,6,0.001,0.5,True,True,True,1.0,False,0.17226276280988162,0.0,0.4858344222889042,0.30249583299652477
0.99,"[8, 8]",kl,True,False,next state only,1.0,7,100,Hard Smax,100,5,5,6,0.001,0.5,True,True,True,1.0,False,0.9992083867508595,0.0007483578449919227,0.49357655755248586,0.2365887632104367
0.99,"[8, 8]",kl,True,True,next state only,0.0,7,100,Hard Smax,100,1,5,6,0.001,0.0,False,True,True,1.0,False,0.17224287537489352,2.5026723364873186e-05,0.2592836825621872,0.09221556717013732
0.99,"[8, 8]",kl,True,False,next state only,0.0,7,100,Hard Smax,100,1,5,6,0.001,0.0,False,True,True,1.0,False,0.17226276280988162,0.0,0.2820054610850722,0.08654760122805792
0.99,"[8, 8]",kl,True,True,next state only,1.0,7,100,Hard Smax,100,1,5,6,0.001,0.0,False,True,True,1.0,False,0.1710503148160015,0.002424895987760256,0.18403615901592235,0.1331807413604922
0.99,"[8, 8]",kl,True,True,next state only,0.0,7,100,Hard Smax,20,5,5,6,0.001,0.0,False,True,True,1.0,False,0.6689051051239527,0.4055067744433763,0.3310732319192963,0.2142668032872356
0.99,"[8, 8]",kl,True,False,next state only,1.0,7,100,Hard Smax,100,1,5,6,0.001,0.0,False,True,True,1.0,False,0.17224169680727341,2.580576269281747e-05,0.29610674295597683,0.17859299633301218
0.99,"[8, 8]",kl,True,False,state,0.0,7,100,Hard Smax,100,1,5,6,0.001,0.0,False,True,True,1.0,False,0.17226276280988162,0.0,0.2604025710801619,0.04327436218392096
0.99,"[8, 8]",kl,True,True,state,0.0,7,100,Hard Smax,20,5,5,6,0.001,0.0,False,True,True,1.0,False,0.5033162998215,0.40545612688432364,0.35119352821702116,0.09138204512508252
0.99,"[8, 8]",kl,True,True,state,0.0,7,100,Hard Smax,100,1,5,6,0.001,0.0,False,True,True,1.0,False,0.1722541279234111,1.7269772941030936e-05,0.09356675997210684,0.14337896561090352
0.99,"[8, 8]",kl,True,False,next state only,0.0,7,100,Hard Smax,20,5,5,6,0.001,0.0,False,True,True,1.0,False,0.1435145736505689,0.05749637831862544,0.5134036724240894,0.2191563765896843
0.99,"[8, 8]",kl,True,False,state,0.0,7,100,Hard Smax,20,5,5,6,0.001,0.0,False,True,True,1.0,False,0.11558056576625315,0.0697131170843708,0.3711470031021921,0.20635252098079862
0.99,"[8, 8]",kl,True,True,next state only,1.0,7,100,Hard Smax,20,5,5,6,0.001,0.0,False,True,True,1.0,False,0.3222074973981515,0.3402404834478677,0.3520351305229009,0.2974525859758336
0.99,"[8, 8]",kl,True,False,next state only,1.0,7,100,Hard Smax,20,5,5,6,0.001,0.0,False,True,True,1.0,False,0.6681782078283673,0.40491342407773884,0.5308447781686152,0.2415884403964634
0.99,"[8, 8]",kl,True,True,state,1.0,7,100,Hard Smax,20,5,5,6,0.001,0.0,False,True,True,1.0,False,0.4873953251829864,0.4187761137698798,0.45094880611161703,0.130664710527902
0.99,"[8, 8]",kl,True,False,state,1.0,7,100,Hard Smax,20,5,5,6,0.001,0.0,False,True,True,1.0,False,0.6633193421859642,0.4010684519953444,0.5026241273740129,0.19331847372467428
0.99,"[8, 8]",kl,True,True,state,1.0,7,100,Hard Smax,100,1,5,6,0.001,0.0,False,True,True,1.0,False,0.17224315266088897,2.474830260610413e-05,0.11189804481574614,0.08201453771856884
0.99,"[8, 8]",kl,True,False,next state only,0.0,7,100,Hard Smax,100,5,5,6,0.001,0.0,False,True,True,1.0,False,0.33778603263472545,0.33104653964968767,0.7265113182320013,0.14264724912252544
0.99,"[8, 8]",kl,True,True,next state only,0.0,7,100,Hard Smax,100,5,5,6,0.001,0.0,False,True,True,1.0,False,1.0,0.0,0.9117633998874057,0.036640568338477765
0.99,"[8, 8]",kl,True,True,state,0.0,7,100,Hard Smax,100,5,5,6,0.001,0.0,False,True,True,1.0,False,0.8344525525619764,0.3310948948760474,0.8569468717240147,0.15644396899423968
0.99,"[8, 8]",kl,True,True,next state only,1.0,7,100,Hard Smax,100,5,5,6,0.001,0.0,False,True,True,1.0,False,1.0,0.0,0.9187239003624695,0.016777900004947277
0.99,"[8, 8]",kl,True,False,state,1.0,7,100,Hard Smax,100,1,5,6,0.001,0.0,False,True,True,1.0,False,0.17226276280988162,0.0,0.10257136195214345,0.16980480669475187
0.99,"[8, 8]",kl,True,False,state,0.0,7,100,Hard Smax,100,5,5,6,0.001,0.0,False,True,True,1.0,False,0.17225192604715361,2.1673525456011866e-05,0.31654011740914123,0.2598279000987639
0.99,"[8, 8]",kl,True,True,next state only,0.0,7,100,Hard Smax,20,1,5,6,0.001,0.5,False,True,True,1.0,False,0.14275207425609768,0.05899555257076823,0.2019090670499153,0.21045842558456807
0.99,"[8, 8]",kl,True,False,next state only,0.0,7,100,Hard Smax,20,1,5,6,0.001,0.5,False,True,True,1.0,False,0.17226214268321655,1.240253330136998e-06,0.4430129861317106,0.0449344612158336
0.99,"[8, 8]",kl,True,True,state,0.0,7,100,Hard Smax,20,1,5,6,0.001,0.5,False,True,True,1.0,False,0.15056734560489024,0.04335411646622509,-0.1640049989494386,0.18353018936049603
0.99,"[8, 8]",kl,True,False,next state only,1.0,7,100,Hard Smax,20,1,5,6,0.001,0.5,False,True,True,1.0,False,0.17226276280988162,0.0,0.343590806461248,0.13448765700276885
0.99,"[8, 8]",kl,True,True,next state only,1.0,7,100,Hard Smax,20,1,5,6,0.001,0.5,False,True,True,1.0,False,0.14518317065976122,0.054147620207811824,0.21873822138858096,0.22343544455491848
0.99,"[8, 8]",kl,True,False,next state only,1.0,7,100,Hard Smax,100,5,5,6,0.001,0.0,False,True,True,1.0,False,0.6134812849327702,0.473387410526885,0.6638067784514364,0.3398245906862065
0.99,"[8, 8]",kl,True,True,state,1.0,7,100,Hard Smax,20,1,5,6,0.001,0.5,False,True,True,1.0,False,0.17226276280988162,0.0,-0.19119714227217366,0.15491347464301639
0.99,"[8, 8]",kl,True,False,state,1.0,7,100,Hard Smax,20,1,5,6,0.001,0.5,False,True,True,1.0,False,0.17226276280988162,0.0,-0.1739874129574307,0.14522814190392397
0.99,"[8, 8]",kl,True,False,state,0.0,7,100,Hard Smax,20,1,5,6,0.001,0.5,False,True,True,1.0,False,0.17226276280988162,0.0,-0.09740825239472614,0.07546740655818224
0.99,"[8, 8]",kl,True,False,state,1.0,7,100,Hard Smax,100,5,5,6,0.001,0.0,False,True,True,1.0,False,0.8344525525619764,0.3310948948760474,0.6674544357848938,0.3672496174200833
0.99,"[8, 8]",kl,True,True,state,1.0,7,100,Hard Smax,100,5,5,6,0.001,0.0,False,True,True,1.0,False,1.0,0.0,0.8905252084690162,0.08261085807373782
0.99,"[8, 8]",kl,True,False,state,0.0,7,100,Hard Smax,100,1,5,6,0.001,0.5,False,True,True,1.0,False,0.17226276280988162,0.0,-0.31063117047703415,0.11101312659789801
0.99,"[8, 8]",kl,True,True,next state only,1.0,7,100,Hard Smax,100,1,5,6,0.001,0.5,False,True,True,1.0,False,0.17226276280988162,0.0,0.2636992572870619,0.15211051640804
0.99,"[8, 8]",kl,True,True,next state only,0.0,7,100,Hard Smax,100,1,5,6,0.001,0.5,False,True,True,1.0,False,0.17215267811475116,0.00022016939026097137,0.38241491370376035,0.11641556298040459
0.99,"[8, 8]",kl,True,False,next state only,0.0,7,100,Hard Smax,100,1,5,6,0.001,0.5,False,True,True,1.0,False,0.15417619654415127,0.036159691335832675,0.475718739608315,0.12367720315220095
0.99,"[8, 8]",kl,True,True,next state only,0.0,7,100,Hard Smax,20,5,5,6,0.001,0.5,False,True,True,1.0,False,0.6689051051239527,0.4055067744433763,0.5686473697048708,0.29779082167111176
0.99,"[8, 8]",kl,True,False,next state only,0.0,7,100,Hard Smax,20,5,5,6,0.001,0.5,False,True,True,1.0,False,0.14567725642692758,0.05313288795392604,0.2646972893834864,0.17534354804947247
0.99,"[8, 8]",kl,True,True,state,0.0,7,100,Hard Smax,20,5,5,6,0.001,0.5,False,True,True,1.0,False,0.6689051051239527,0.4055067744433763,0.4175423962383015,0.24568753407420166
0.99,"[8, 8]",kl,True,True,state,0.0,7,100,Hard Smax,100,1,5,6,0.001,0.5,False,True,True,1.0,False,0.17226276280988162,0.0,-0.3285853042152588,0.13859155409082047
0.99,"[8, 8]",kl,True,False,state,0.0,7,100,Hard Smax,20,5,5,6,0.001,0.5,False,True,True,1.0,False,0.11537572526613897,0.06976419659369758,0.06974891965181608,0.20161043209981327
0.99,"[8, 8]",kl,True,False,next state only,1.0,7,100,Hard Smax,20,5,5,6,0.001,0.5,False,True,True,1.0,False,0.17226276280988162,0.0,0.4212071918992534,0.16915380396156351
0.99,"[8, 8]",kl,True,True,next state only,1.0,7,100,Hard Smax,20,5,5,6,0.001,0.5,False,True,True,1.0,False,0.48392338574279564,0.4228660358497932,0.25862566510373747,0.4294688599512912
0.99,"[8, 8]",kl,True,True,state,1.0,7,100,Hard Smax,20,5,5,6,0.001,0.5,False,True,True,1.0,False,0.30802213921516636,0.3507646281533128,0.23611082719228862,0.3325041036714278
0.99,"[8, 8]",kl,True,True,state,1.0,7,100,Hard Smax,100,1,5,6,0.001,0.5,False,True,True,1.0,False,0.17226276280988162,0.0,-0.2626459314667987,0.06899388621026759
0.99,"[8, 8]",kl,True,False,state,1.0,7,100,Hard Smax,20,5,5,6,0.001,0.5,False,True,True,1.0,False,0.14105733711037408,0.03821868508506315,-0.09948484958727462,0.2919222197845692
0.99,"[8, 8]",kl,True,False,next state only,1.0,7,100,Hard Smax,100,1,5,6,0.001,0.5,False,True,True,1.0,False,0.17226276280988162,0.0,0.23044417779848594,0.19977071722642073
0.99,"[8, 8]",kl,True,False,next state only,0.0,7,100,Hard Smax,100,5,5,6,0.001,0.5,False,True,True,1.0,False,0.17223063131458452,6.426299059419938e-05,-0.12818832512745773,0.1606058982405965
0.99,"[8, 8]",kl,True,True,state,0.0,7,100,Hard Smax,100,5,5,6,0.001,0.5,False,True,True,1.0,False,1.0,0.0,0.8056111670891355,0.04352142469160047
0.99,"[8, 8]",kl,True,True,next state only,1.0,7,100,Hard Smax,100,5,5,6,0.001,0.5,False,True,True,1.0,False,0.6412198781161947,0.4415891113632841,0.6170853967917131,0.3107681373520134
0.99,"[8, 8]",kl,True,False,state,0.0,7,100,Hard Smax,100,5,5,6,0.001,0.5,False,True,True,1.0,False,0.1429155435839198,0.05866463271918388,-0.5478995322946885,0.24368977886304807
0.99,"[8, 8]",kl,True,True,next state only,0.0,7,100,Hard Smax,100,5,5,6,0.001,0.5,False,True,True,1.0,False,1.0,0.0,0.8736755757553452,0.026681132411063894
0.99,"[8, 8]",kl,True,False,state,1.0,7,100,Hard Smax,100,1,5,6,0.001,0.5,False,True,True,1.0,False,0.17226276280988162,0.0,-0.2837561046982978,0.13082952665375164
0.99,"[8, 8]",kl,True,True,next state only,0.0,7,100,Hard Smax,20,1,5,6,0.001,0.0,True,False,True,1.0,False,0.1144431018281404,0.07061446955140661,-0.02184488492612373,0.5457585782203782
0.99,"[8, 8]",kl,True,False,next state only,0.0,7,100,Hard Smax,20,1,5,6,0.001,0.0,True,False,True,1.0,False,0.1518543628134546,0.04079273569589812,0.329697222963395,0.3253929915761961
0.99,"[8, 8]",kl,True,True,state,0.0,7,100,Hard Smax,20,1,5,6,0.001,0.0,True,False,True,1.0,False,0.1018114889334186,0.061446909528594135,0.1344441605220596,0.3302096556750728
0.99,"[8, 8]",kl,True,False,state,0.0,7,100,Hard Smax,20,1,5,6,0.001,0.0,True,False,True,1.0,False,0.1419490154416944,0.060619091406388534,-0.11728829904069271,0.30734685909160636
0.99,"[8, 8]",kl,True,False,next state only,1.0,7,100,Hard Smax,20,1,5,6,0.001,0.0,True,False,True,1.0,False,0.12159553943658255,0.05601925541633812,0.3315285708041472,0.5649487072244324
0.99,"[8, 8]",kl,True,True,state,1.0,7,100,Hard Smax,20,1,5,6,0.001,0.0,True,False,True,1.0,False,0.11991092149532454,0.06445414361331296,0.07204714953772565,0.3169786212160167
0.99,"[8, 8]",kl,True,True,next state only,1.0,7,100,Hard Smax,20,1,5,6,0.001,0.0,True,False,True,1.0,False,0.11589022531225797,0.04921956847844351,0.06260959131230234,0.567598266429493
0.99,"[8, 8]",kl,True,False,next state only,1.0,7,100,Hard Smax,100,5,5,6,0.001,0.5,False,True,True,1.0,False,0.17226276280988162,0.0,0.3649466424797979,0.22757609053368177
0.99,"[8, 8]",kl,True,False,state,1.0,7,100,Hard Smax,20,1,5,6,0.001,0.0,True,False,True,1.0,False,0.056598418978993606,0.0579941328045588,0.2217704331017135,0.3980424360274252
0.99,"[8, 8]",kl,True,False,state,1.0,7,100,Hard Smax,100,5,5,6,0.001,0.5,False,True,True,1.0,False,0.1471874559601179,0.05015061369952745,0.15956597011982437,0.4450909226239166
0.99,"[8, 8]",kl,True,True,state,0.0,7,100,Hard Smax,100,1,5,6,0.001,0.0,True,False,True,1.0,False,0.11882179982423391,0.0659251214895558,-0.15009252700076686,0.23982922632579862
0.99,"[8, 8]",kl,True,False,next state only,0.0,7,100,Hard Smax,100,1,5,6,0.001,0.0,True,False,True,1.0,False,0.15426529317537352,0.035986118136890295,0.2067843305273514,0.15088737296134203
0.99,"[8, 8]",kl,True,True,next state only,0.0,7,100,Hard Smax,100,1,5,6,0.001,0.0,True,False,True,1.0,False,0.09191915866377535,0.0477009561725579,-0.13736942466079927,0.4078540677092187
0.99,"[8, 8]",kl,True,True,state,1.0,7,100,Hard Smax,100,5,5,6,0.001,0.5,False,True,True,1.0,False,0.639711502592127,0.4436692102440735,0.4339379614729969,0.487543491383673
0.99,"[8, 8]",kl,True,False,next state only,1.0,7,100,Hard Smax,100,1,5,6,0.001,0.0,True,False,True,1.0,False,0.16762532449305306,0.009244069432893805,0.00936697424989783,0.43859387154069823
0.99,"[8, 8]",kl,True,True,next state only,0.0,7,100,Hard Smax,20,5,5,6,0.001,0.0,True,False,True,1.0,False,0.48741762309632863,0.4188034768378277,0.3927132742530562,0.2789330527013779
0.99,"[8, 8]",kl,True,False,next state only,0.0,7,100,Hard Smax,20,5,5,6,0.001,0.0,True,False,True,1.0,False,0.3078854783753509,0.35072369863914454,0.43663343270286176,0.2549776867708955
0.99,"[8, 8]",kl,True,True,next state only,1.0,7,100,Hard Smax,100,1,5,6,0.001,0.0,True,False,True,1.0,False,0.10625694173041209,0.0324705837580865,0.08896272430615172,0.34694713335387134
0.99,"[8, 8]",kl,True,False,state,0.0,7,100,Hard Smax,20,5,5,6,0.001,0.0,True,False,True,1.0,False,0.1421406191033489,0.060244287413065395,0.3861390896652447,0.09203749979669466
0.99,"[8, 8]",kl,True,True,next state only,1.0,7,100,Hard Smax,20,5,5,6,0.001,0.0,True,False,True,1.0,False,0.5032311980457559,0.4053519429629345,0.31040087464229027,0.31267223110332637
0.99,"[8, 8]",kl,True,True,state,0.0,7,100,Hard Smax,20,5,5,6,0.001,0.0,True,False,True,1.0,False,0.3222074973981515,0.34024048344786767,0.48228835655731517,0.17465517995596105
0.99,"[8, 8]",kl,True,True,state,1.0,7,100,Hard Smax,100,1,5,6,0.001,0.0,True,False,True,1.0,False,0.4210800140311043,0.44136060781187375,0.08063368386845923,0.3175282323362166
0.99,"[8, 8]",kl,True,False,state,0.0,7,100,Hard Smax,100,1,5,6,0.001,0.0,True,False,True,1.0,False,0.17225125557282936,1.4746522133188169e-05,0.21628780666555603,0.14572821853539475
0.99,"[8, 8]",kl,True,False,next state only,1.0,7,100,Hard Smax,20,5,5,6,0.001,0.0,True,False,True,1.0,False,0.3378102102479053,0.3310948948760474,0.4140059444890113,0.22673242298407484
0.99,"[8, 8]",kl,True,False,state,1.0,7,100,Hard Smax,20,5,5,6,0.001,0.0,True,False,True,1.0,False,0.4428137690432786,0.4582855506396465,0.5089801663382153,0.2609819403364125
0.99,"[8, 8]",kl,True,True,state,1.0,7,100,Hard Smax,20,5,5,6,0.001,0.0,True,False,True,1.0,False,0.47404258106525016,0.4327648130481384,0.42527129347949477,0.28993870182654125
0.99,"[8, 8]",kl,True,False,state,1.0,7,100,Hard Smax,100,1,5,6,0.001,0.0,True,False,True,1.0,False,0.12108500355637734,0.0626727647306574,0.29976181242885114,0.43880763943991447
0.99,"[8, 8]",kl,True,True,state,0.0,7,100,Hard Smax,100,5,5,6,0.001,0.0,True,False,True,1.0,False,0.8344525525619764,0.3310948948760474,0.7796000665219951,0.24615121724287023
0.99,"[8, 8]",kl,True,True,next state only,0.0,7,100,Hard Smax,100,5,5,6,0.001,0.0,True,False,True,1.0,False,0.5033576576859289,0.4055067744433763,0.5589191855526112,0.3178386867604208
0.99,"[8, 8]",kl,True,True,next state only,0.0,7,100,Hard Smax,20,1,5,6,0.001,0.5,True,False,True,1.0,False,0.08819889961611026,0.049485486574295946,-0.01875303178588735,0.49345604101172014
0.99,"[8, 8]",kl,True,False,next state only,0.0,7,100,Hard Smax,20,1,5,6,0.001,0.5,True,False,True,1.0,False,0.15664747971626583,0.031199148083060867,0.375436292203069,0.10281842495049984
0.99,"[8, 8]",kl,True,False,next state only,1.0,7,100,Hard Smax,100,5,5,6,0.001,0.0,True,False,True,1.0,False,0.8344525525619764,0.3310948948760474,0.8145417268571986,0.23133040391478268
0.99,"[8, 8]",kl,True,True,next state only,1.0,7,100,Hard Smax,100,5,5,6,0.001,0.0,True,False,True,1.0,False,0.8344525525619764,0.3310948948760474,0.8108844708664302,0.2420480569015661
0.99,"[8, 8]",kl,True,True,state,0.0,7,100,Hard Smax,20,1,5,6,0.001,0.5,True,False,True,1.0,False,0.24742341459957892,0.30395214540115933,-0.07633808456424647,0.35146567470915363
0.99,"[8, 8]",kl,True,True,state,1.0,7,100,Hard Smax,100,5,5,6,0.001,0.0,True,False,True,1.0,False,0.6689051051239526,0.40550677444337635,0.6687963809761899,0.27684396218908996
0.99,"[8, 8]",kl,True,False,state,0.0,7,100,Hard Smax,20,1,5,6,0.001,0.5,True,False,True,1.0,False,0.1510629702495207,0.042396474412779876,0.06491353374215514,0.3402311254814543
0.99,"[8, 8]",kl,True,True,next state only,1.0,7,100,Hard Smax,20,1,5,6,0.001,0.5,True,False,True,1.0,False,0.30799243312567226,0.3039495823335124,0.4155001060655053,0.22357650748771468
0.99,"[8, 8]",kl,True,False,next state only,1.0,7,100,Hard Smax,20,1,5,6,0.001,0.5,True,False,True,1.0,False,0.14730939207347704,0.03784688852041365,0.24989778592126863,0.31114259895622415
0.99,"[8, 8]",kl,True,False,state,0.0,7,100,Hard Smax,100,5,5,6,0.001,0.0,True,False,True,1.0,False,0.639483480495594,0.4408340217452204,0.4903345964932494,0.27362319204330426
0.99,"[8, 8]",kl,True,False,state,1.0,7,100,Hard Smax,100,5,5,6,0.001,0.0,True,False,True,1.0,False,0.6689051051239527,0.4055067744433763,0.5236762057938332,0.2318964683741686
0.99,"[8, 8]",kl,True,True,state,1.0,7,100,Hard Smax,20,1,5,6,0.001,0.5,True,False,True,1.0,False,0.1261000676298943,0.05679382206380543,-0.0008612260519538006,0.4267566833096813
0.99,"[8, 8]",kl,True,False,next state only,0.0,7,100,Hard Smax,100,5,5,6,0.001,0.0,True,False,True,1.0,False,0.6445427212237194,0.4352525913238874,0.48427844546036863,0.2874265363786016
0.99,"[8, 8]",kl,True,False,state,1.0,7,100,Hard Smax,20,1,5,6,0.001,0.5,True,False,True,1.0,False,0.17223478525774194,1.6715456049322087e-05,-0.096183408873994,0.13578606547247307
0.99,"[8, 8]",kl,True,True,next state only,0.0,7,100,Hard Smax,100,1,5,6,0.001,0.5,True,False,True,1.0,False,0.09228738021238354,0.04199510614261752,-0.3487860191442853,0.33040280936897254
0.99,"[8, 8]",kl,True,False,next state only,0.0,7,100,Hard Smax,100,1,5,6,0.001,0.5,True,False,True,1.0,False,0.09315880298465602,0.06459223541653929,0.5134632094721643,0.12218253491582544
0.99,"[8, 8]",kl,True,True,next state only,1.0,7,100,Hard Smax,100,1,5,6,0.001,0.5,True,False,True,1.0,False,0.16933571445484352,0.005820950869741604,0.2671563905190739,0.24878644151753965
0.99,"[8, 8]",kl,True,False,next state only,1.0,7,100,Hard Smax,100,1,5,6,0.001,0.5,True,False,True,1.0,False,0.14020609969703426,0.04625252586235015,0.4394773982453045,0.2784110302421618
0.99,"[8, 8]",kl,True,True,state,0.0,7,100,Hard Smax,100,1,5,6,0.001,0.5,True,False,True,1.0,False,0.32512233099208426,0.3390427156223697,0.08685848928808541,0.5071604325706388
0.99,"[8, 8]",kl,True,True,next state only,0.0,7,100,Hard Smax,20,5,5,6,0.001,0.5,True,False,True,1.0,False,0.3077272620737895,0.3510043803995008,0.3739927039138495,0.33937208114132106
0.99,"[8, 8]",kl,True,False,next state only,0.0,7,100,Hard Smax,20,5,5,6,0.001,0.5,True,False,True,1.0,False,0.1498771260849711,0.04474524492699641,0.037457554149690535,0.1334342637678539
0.99,"[8, 8]",kl,True,True,state,0.0,7,100,Hard Smax,20,5,5,6,0.001,0.5,True,False,True,1.0,False,0.3378102102479053,0.3310948948760474,0.3972677682869935,0.24927889601479242
0.99,"[8, 8]",kl,True,False,state,0.0,7,100,Hard Smax,20,5,5,6,0.001,0.5,True,False,True,1.0,False,0.27652686115479075,0.3498560607054632,0.08712398503085535,0.4080728049724523
0.99,"[8, 8]",kl,True,True,next state only,1.0,7,100,Hard Smax,20,5,5,6,0.001,0.5,True,False,True,1.0,False,0.3378102102479053,0.3310948948760474,0.2784808448741022,0.12072516925224565
0.99,"[8, 8]",kl,True,False,next state only,1.0,7,100,Hard Smax,20,5,5,6,0.001,0.5,True,False,True,1.0,False,0.50329479430803,0.4054297950276933,0.3688580341835883,0.23792139663973333
0.99,"[8, 8]",kl,True,False,state,0.0,7,100,Hard Smax,100,1,5,6,0.001,0.5,True,False,True,1.0,False,0.17226276280988162,0.0,-0.35276629626281525,0.18962589847202418
0.99,"[8, 8]",kl,True,False,state,1.0,7,100,Hard Smax,100,1,5,6,0.001,0.5,True,False,True,1.0,False,0.17224263955419353,7.349868362364246e-06,0.040936224115531716,0.04673204963479328
0.99,"[8, 8]",kl,True,False,state,1.0,7,100,Hard Smax,20,5,5,6,0.001,0.5,True,False,True,1.0,False,0.5030228778448758,0.4051156505138305,0.1285319745113613,0.1954092356477497
0.99,"[8, 8]",kl,True,True,state,1.0,7,100,Hard Smax,20,5,5,6,0.001,0.5,True,False,True,1.0,False,0.17226276280988162,0.0,0.3461897062807264,0.24521372489643148
0.99,"[8, 8]",kl,True,True,state,1.0,7,100,Hard Smax,100,1,5,6,0.001,0.5,True,False,True,1.0,False,0.15864546255695966,0.016705671255122706,-0.20618059614622353,0.1647575261733702
0.99,"[8, 8]",kl,True,True,next state only,0.0,7,100,Hard Smax,100,5,5,6,0.001,0.5,True,False,True,1.0,False,0.8344525525619764,0.3310948948760474,0.7063260209587888,0.2577867090795152
0.99,"[8, 8]",kl,True,True,state,0.0,7,100,Hard Smax,100,5,5,6,0.001,0.5,True,False,True,1.0,False,0.6689051051239526,0.40550677444337635,0.5961597066168243,0.28918944699912746
0.99,"[8, 8]",kl,True,False,next state only,1.0,7,100,Hard Smax,100,5,5,6,0.001,0.5,True,False,True,1.0,False,0.9993233995434692,0.001037093618279203,0.3954628382689174,0.20217137270555388
0.99,"[8, 8]",kl,True,True,next state only,0.0,7,100,Hard Smax,20,1,5,6,0.001,0.0,False,False,True,1.0,False,0.26698686029125385,0.3359078463503663,0.34350496611041936,0.41476864879677794
0.99,"[8, 8]",kl,True,False,next state only,0.0,7,100,Hard Smax,100,5,5,6,0.001,0.5,True,False,True,1.0,False,0.08706482630900199,0.0613790241216008,0.09468206631457,0.33290382235227156
0.99,"[8, 8]",kl,True,True,state,1.0,7,100,Hard Smax,100,5,5,6,0.001,0.5,True,False,True,1.0,False,0.8344525525619764,0.3310948948760474,0.7471523554200734,0.1964651891776848
0.99,"[8, 8]",kl,True,False,next state only,0.0,7,100,Hard Smax,20,1,5,6,0.001,0.0,False,False,True,1.0,False,0.17225963790856674,6.017955718212492e-06,0.3683891685392373,0.15591978954004473
0.99,"[8, 8]",kl,True,True,next state only,1.0,7,100,Hard Smax,100,5,5,6,0.001,0.5,True,False,True,1.0,False,0.8344525525619764,0.3310948948760474,0.6772379426838145,0.2827734996818453
0.99,"[8, 8]",kl,True,True,state,0.0,7,100,Hard Smax,20,1,5,6,0.001,0.0,False,False,True,1.0,False,0.11327770058051705,0.07231325065763083,0.28789126660976194,0.38932302445257305
0.99,"[8, 8]",kl,True,False,state,0.0,7,100,Hard Smax,20,1,5,6,0.001,0.0,False,False,True,1.0,False,0.15133885065717168,0.041835769604270504,0.10792309349048027,0.18799581087964445
0.99,"[8, 8]",kl,True,True,next state only,1.0,7,100,Hard Smax,20,1,5,6,0.001,0.0,False,False,True,1.0,False,0.07659530852756873,0.054935592310528227,0.04515024430813401,0.48067984618228665
0.99,"[8, 8]",kl,True,False,next state only,1.0,7,100,Hard Smax,20,1,5,6,0.001,0.0,False,False,True,1.0,False,0.1722410322462386,2.6755715981099164e-05,0.02273616210243343,0.267468464561104
0.99,"[8, 8]",kl,True,False,state,0.0,7,100,Hard Smax,100,5,5,6,0.001,0.5,True,False,True,1.0,False,0.1278326890569839,0.05616559101486177,-0.47451437186961787,0.45432756617230835
0.99,"[8, 8]",kl,True,True,state,1.0,7,100,Hard Smax,20,1,5,6,0.001,0.0,False,False,True,1.0,False,0.10067400097423891,0.047238873306828494,-0.09388336353431984,0.3413590111162471
0.99,"[8, 8]",kl,True,False,state,1.0,7,100,Hard Smax,20,1,5,6,0.001,0.0,False,False,True,1.0,False,0.17223521097004044,2.335338041336425e-05,-0.3967315112744985,0.15002137977428753
0.99,"[8, 8]",kl,True,True,next state only,0.0,7,100,Hard Smax,100,1,5,6,0.001,0.0,False,False,True,1.0,False,0.13395728119429587,0.050488855082497404,0.2699558292344062,0.19597287273504496
0.99,"[8, 8]",kl,True,False,next state only,0.0,7,100,Hard Smax,100,1,5,6,0.001,0.0,False,False,True,1.0,False,0.1589175209857479,0.026626771698127563,0.3348167702509888,0.18954800383651244
0.99,"[8, 8]",kl,True,False,state,0.0,7,100,Hard Smax,100,1,5,6,0.001,0.0,False,False,True,1.0,False,0.17210956071681832,0.0002782181977112476,-0.11303711694871343,0.4207351818354323
0.99,"[8, 8]",kl,True,False,next state only,1.0,7,100,Hard Smax,100,1,5,6,0.001,0.0,False,False,True,1.0,False,0.12777330649071977,0.05951471705345524,0.015729998157602287,0.534151805070904
0.99,"[8, 8]",kl,True,True,next state only,0.0,7,100,Hard Smax,20,5,5,6,0.001,0.0,False,False,True,1.0,False,0.14133774806166768,0.06185002949642791,0.1687565951578352,0.46306189473642084
0.99,"[8, 8]",kl,True,True,state,0.0,7,100,Hard Smax,100,1,5,6,0.001,0.0,False,False,True,1.0,False,0.05273084863260432,0.048850875552969415,-0.0066613344530191635,0.32262744169572144
0.99,"[8, 8]",kl,True,False,state,1.0,7,100,Hard Smax,100,5,5,6,0.001,0.5,True,False,True,1.0,False,0.17226276280988162,0.0,0.4330320947729711,0.08127994822769981
0.99,"[8, 8]",kl,True,True,state,0.0,7,100,Hard Smax,20,5,5,6,0.001,0.0,False,False,True,1.0,False,0.17223944184095996,4.664193784331694e-05,0.4680351893857506,0.06167701910055916
0.99,"[8, 8]",kl,True,False,next state only,0.0,7,100,Hard Smax,20,5,5,6,0.001,0.0,False,False,True,1.0,False,0.4728004671814955,0.4327076437547788,0.5541677547570854,0.1488038955886596
0.99,"[8, 8]",kl,True,False,state,0.0,7,100,Hard Smax,20,5,5,6,0.001,0.0,False,False,True,1.0,False,0.5028406774275153,0.40489550707443356,0.39504607512767265,0.12071912199879103
0.99,"[8, 8]",kl,True,True,next state only,1.0,7,100,Hard Smax,20,5,5,6,0.001,0.0,False,False,True,1.0,False,0.653302392274199,0.42533217421783404,0.5150075310103146,0.4089195688193119
0.99,"[8, 8]",kl,True,True,state,1.0,7,100,Hard Smax,20,5,5,6,0.001,0.0,False,False,True,1.0,False,0.3378102102479053,0.3310948948760474,0.5457337993429421,0.1885055187611047
0.99,"[8, 8]",kl,True,False,state,1.0,7,100,Hard Smax,20,5,5,6,0.001,0.0,False,False,True,1.0,False,0.47311096546684916,0.4337329571181548,0.42056054762903605,0.23108358914324215
0.99,"[8, 8]",kl,True,True,state,1.0,7,100,Hard Smax,100,1,5,6,0.001,0.0,False,False,True,1.0,False,0.16002640846353883,0.05512237042776584,0.014125687303287254,0.2787794335942109
0.99,"[8, 8]",kl,True,False,state,1.0,7,100,Hard Smax,100,1,5,6,0.001,0.0,False,False,True,1.0,False,0.29475096628740305,0.35587118962102704,-0.12368272152358788,0.26457382890487813
0.99,"[8, 8]",kl,True,False,next state only,1.0,7,100,Hard Smax,20,5,5,6,0.001,0.0,False,False,True,1.0,False,0.17226276280988162,0.0,0.14563160704964467,0.2329533996312864
0.99,"[8, 8]",kl,True,True,next state only,1.0,7,100,Hard Smax,100,1,5,6,0.001,0.0,False,False,True,1.0,False,0.13772454734806,0.046360087677567156,0.0838457788366467,0.16593287671158555
0.99,"[8, 8]",kl,True,True,next state only,0.0,7,100,Hard Smax,100,5,5,6,0.001,0.0,False,False,True,1.0,False,1.0,0.0,0.9172449719194725,0.015137960711449572
0.99,"[8, 8]",kl,True,True,next state only,0.0,7,100,Hard Smax,20,1,5,6,0.001,0.5,False,False,True,1.0,False,0.10201607573581958,0.062229817804747435,0.3665087843400531,0.22999141954196298
0.99,"[8, 8]",kl,True,True,state,0.0,7,100,Hard Smax,100,5,5,6,0.001,0.0,False,False,True,1.0,False,1.0,0.0,0.9006711933605891,0.02076868290343515
0.99,"[8, 8]",kl,True,False,state,0.0,7,100,Hard Smax,100,5,5,6,0.001,0.0,False,False,True,1.0,False,0.8339147370603726,0.33082608868939295,0.5288901028270456,0.2437648951527697
0.99,"[8, 8]",kl,True,False,next state only,0.0,7,100,Hard Smax,20,1,5,6,0.001,0.5,False,False,True,1.0,False,0.10327164125395336,0.036773884019825474,0.5902259796478133,0.04791806404961731
0.99,"[8, 8]",kl,True,True,state,0.0,7,100,Hard Smax,20,1,5,6,0.001,0.5,False,False,True,1.0,False,0.1722570926627568,1.0689665389928712e-05,0.528215774551788,0.09387601478629852
0.99,"[8, 8]",kl,True,False,next state only,0.0,7,100,Hard Smax,100,5,5,6,0.001,0.0,False,False,True,1.0,False,0.8338615060473785,0.3308000499918062,0.7086595698624532,0.10252316425427044
0.99,"[8, 8]",kl,True,False,state,0.0,7,100,Hard Smax,20,1,5,6,0.001,0.5,False,False,True,1.0,False,0.17226276280988162,0.0,0.4950164209081079,0.21433031683574846
0.99,"[8, 8]",kl,True,False,next state only,1.0,7,100,Hard Smax,100,5,5,6,0.001,0.0,False,False,True,1.0,False,0.8344525525619764,0.3310948948760474,0.7465597871354557,0.22588593892959977
0.99,"[8, 8]",kl,True,True,next state only,1.0,7,100,Hard Smax,20,1,5,6,0.001,0.5,False,False,True,1.0,False,0.11528258485936951,0.05007778575398165,0.6282676836518936,0.10567474398594372
0.99,"[8, 8]",kl,True,False,next state only,1.0,7,100,Hard Smax,20,1,5,6,0.001,0.5,False,False,True,1.0,False,0.11047412611417144,0.0549542729441687,0.5181468491005672,0.10672165921001478
0.99,"[8, 8]",kl,True,True,state,1.0,7,100,Hard Smax,20,1,5,6,0.001,0.5,False,False,True,1.0,False,0.14387933315091855,0.05673793709491289,0.5313828433472787,0.06761859217328646
0.99,"[8, 8]",kl,True,False,state,1.0,7,100,Hard Smax,20,1,5,6,0.001,0.5,False,False,True,1.0,False,0.14194427518635588,0.060633803327068136,0.5373337752515767,0.1266586204792985
0.99,"[8, 8]",kl,True,True,next state only,1.0,7,100,Hard Smax,100,5,5,6,0.001,0.0,False,False,True,1.0,False,1.0,0.0,0.8956948671378321,0.042386872460664554
0.99,"[8, 8]",kl,True,True,next state only,0.0,7,100,Hard Smax,100,1,5,6,0.001,0.5,False,False,True,1.0,False,0.1012063281156818,0.03900268741364758,0.62968101920514,0.14046985394183198
0.99,"[8, 8]",kl,True,False,next state only,0.0,7,100,Hard Smax,100,1,5,6,0.001,0.5,False,False,True,1.0,False,0.09559414818021693,0.04179908771306083,0.5462277113186357,0.11374987982943335
0.99,"[8, 8]",kl,True,True,state,0.0,7,100,Hard Smax,100,1,5,6,0.001,0.5,False,False,True,1.0,False,0.09424919856111276,0.0,0.6844184964703907,0.06038031002110744
0.99,"[8, 8]",kl,True,True,next state only,1.0,7,100,Hard Smax,100,1,5,6,0.001,0.5,False,False,True,1.0,False,0.08262675246326873,0.023244892195688045,0.5958738346380272,0.08951759151875276
0.99,"[8, 8]",kl,True,True,next state only,0.0,7,100,Hard Smax,20,5,5,6,0.001,0.5,False,False,True,1.0,False,0.17226276280988162,0.0,0.3269884472058896,0.16638620179840338
0.99,"[8, 8]",kl,True,False,state,0.0,7,100,Hard Smax,100,1,5,6,0.001,0.5,False,False,True,1.0,False,0.1048163154117644,0.05790709714827289,0.6309493072258556,0.08810374895037024
0.99,"[8, 8]",kl,True,True,state,0.0,7,100,Hard Smax,20,5,5,6,0.001,0.5,False,False,True,1.0,False,0.5033576576859289,0.4055067744433763,0.4646078535385151,0.16033142066032438
0.99,"[8, 8]",kl,True,False,next state only,0.0,7,100,Hard Smax,20,5,5,6,0.001,0.5,False,False,True,1.0,False,0.33740838832818343,0.33029125103660356,0.3505645996256646,0.2014422047525291
0.99,"[8, 8]",kl,True,False,state,1.0,7,100,Hard Smax,100,5,5,6,0.001,0.0,False,False,True,1.0,False,0.9996171625223053,0.0007656749553893949,0.8099182091304928,0.13675765235655427
0.99,"[8, 8]",kl,True,False,state,0.0,7,100,Hard Smax,20,5,5,6,0.001,0.5,False,False,True,1.0,False,0.17226276280988162,0.0,0.26158220038404567,0.21041038410732216
0.99,"[8, 8]",kl,True,True,next state only,1.0,7,100,Hard Smax,20,5,5,6,0.001,0.5,False,False,True,1.0,False,0.6689047257016976,0.4055072391392812,0.5163523029033174,0.23904695642390664
0.99,"[8, 8]",kl,True,False,next state only,1.0,7,100,Hard Smax,20,5,5,6,0.001,0.5,False,False,True,1.0,False,0.6689051051239527,0.4055067744433763,0.47581991107700966,0.1838421658315023
0.99,"[8, 8]",kl,True,True,state,1.0,7,100,Hard Smax,100,1,5,6,0.001,0.5,False,False,True,1.0,False,0.14855495108398037,0.04737797210619589,0.5779939516888446,0.07817535436034227
0.99,"[8, 8]",kl,True,False,state,1.0,7,100,Hard Smax,100,1,5,6,0.001,0.5,False,False,True,1.0,False,0.13524818556432994,0.04625455650217217,0.5833386732761905,0.10338315388091764
0.99,"[8, 8]",kl,True,False,state,1.0,7,100,Hard Smax,20,5,5,6,0.001,0.5,False,False,True,1.0,False,0.17226276280988162,0.0,0.19727384855213353,0.2953757531120376
0.99,"[8, 8]",kl,True,True,state,1.0,7,100,Hard Smax,20,5,5,6,0.001,0.5,False,False,True,1.0,False,0.8343805868059253,0.33105894133043234,0.546772887681726,0.18460276466842188
0.99,"[8, 8]",kl,True,False,next state only,1.0,7,100,Hard Smax,100,1,5,6,0.001,0.5,False,False,True,1.0,False,0.07912475758944586,0.030248881943333798,0.5992126415900723,0.12754544482012453
0.99,"[8, 8]",kl,True,True,state,1.0,7,100,Hard Smax,100,5,5,6,0.001,0.0,False,False,True,1.0,False,0.8344525525619764,0.3310948948760474,0.7718578237858844,0.15129633786540794
0.99,"[8, 8]",kl,True,True,next state only,0.0,7,100,Hard Smax,100,5,5,6,0.001,0.5,False,False,True,1.0,False,0.8171159762931385,0.3657680474137231,0.8468164761746223,0.1235746148443581
0.99,"[8, 8]",kl,True,False,next state only,0.0,7,100,Hard Smax,100,5,5,6,0.001,0.5,False,False,True,1.0,False,0.11572526517864128,0.061675655396015945,0.13809572024255654,0.3921491923849819
0.99,"[8, 8]",kl,True,True,next state only,0.0,7,100,Hard Smax,20,1,5,6,0.001,0.0,True,True,False,1.0,False,0.07210425386684009,0.05654342121931857,-0.2262394222349425,0.45215392212635847
0.99,"[8, 8]",kl,True,False,state,0.0,7,100,Hard Smax,100,5,5,6,0.001,0.5,False,False,True,1.0,False,0.15666004996012783,0.031205425699507544,-0.122331399130077,0.11071049180269495
0.99,"[8, 8]",kl,True,True,state,0.0,7,100,Hard Smax,100,5,5,6,0.001,0.5,False,False,True,1.0,False,0.9997227298138818,0.0005545403722364117,0.7348182440300818,0.17884731148574964
0.99,"[8, 8]",kl,True,False,state,0.0,7,100,Hard Smax,20,1,5,6,0.001,0.0,True,True,False,1.0,False,0.17224931829242818,1.6766516211197982e-05,0.07604837194332315,0.1274990745009043
0.99,"[8, 8]",kl,True,True,next state only,1.0,7,100,Hard Smax,20,1,5,6,0.001,0.0,True,True,False,1.0,False,0.09458483121941427,0.06940652506336366,-0.1522748038143851,0.43137102631901947
0.99,"[8, 8]",kl,True,True,state,0.0,7,100,Hard Smax,20,1,5,6,0.001,0.0,True,True,False,1.0,False,0.09886798284308419,0.06464411780016052,-0.1886320212570631,0.06947401148957685
0.99,"[8, 8]",kl,True,False,next state only,1.0,7,100,Hard Smax,20,1,5,6,0.001,0.0,True,True,False,1.0,False,0.09210568611637657,0.06597629661869693,0.45728324950196225,0.267838301918108
0.99,"[8, 8]",kl,True,False,next state only,0.0,7,100,Hard Smax,20,1,5,6,0.001,0.0,True,True,False,1.0,False,0.17225217320618053,1.342560231121523e-05,0.16671961693245932,0.3678785654582151
0.99,"[8, 8]",kl,True,True,state,1.0,7,100,Hard Smax,20,1,5,6,0.001,0.0,True,True,False,1.0,False,0.07957472873548178,0.05738395910500008,-0.18408472502575682,0.4630882172517326
0.99,"[8, 8]",kl,True,False,state,1.0,7,100,Hard Smax,20,1,5,6,0.001,0.0,True,True,False,1.0,False,0.12659963331031746,0.05764211253250564,0.00549782305009332,0.4058824108469176
0.99,"[8, 8]",kl,True,True,next state only,1.0,7,100,Hard Smax,100,5,5,6,0.001,0.5,False,False,True,1.0,False,1.0,0.0,0.7236006877187442,0.14873582879373226
0.99,"[8, 8]",kl,True,True,next state only,0.0,7,100,Hard Smax,100,1,5,6,0.001,0.0,True,True,False,1.0,False,0.09641403715147198,0.06240280059134592,-0.16257482195402745,0.15689933733920697
0.99,"[8, 8]",kl,True,True,state,0.0,7,100,Hard Smax,100,1,5,6,0.001,0.0,True,True,False,1.0,False,0.1474858432432437,0.03701035482607024,0.27807056042155553,0.22190112236373544
0.99,"[8, 8]",kl,True,False,state,0.0,7,100,Hard Smax,100,1,5,6,0.001,0.0,True,True,False,1.0,False,0.17225021894242443,1.151939792321416e-05,0.34780932723350133,0.31780363612785184
0.99,"[8, 8]",kl,True,False,next state only,1.0,7,100,Hard Smax,100,1,5,6,0.001,0.0,True,True,False,1.0,False,0.07003852480580532,0.054174733416169685,0.24233377158951863,0.42255746256121435
0.99,"[8, 8]",kl,True,True,next state only,0.0,7,100,Hard Smax,20,5,5,6,0.001,0.0,True,True,False,1.0,False,0.17226276280988162,0.0,0.3215190836821933,0.02290185920391248
0.99,"[8, 8]",kl,True,True,state,1.0,7,100,Hard Smax,100,1,5,6,0.001,0.0,True,True,False,1.0,False,0.14460537687777478,0.06204317796150168,-0.025092032933772,0.4669917505801099
0.99,"[8, 8]",kl,True,False,next state only,0.0,7,100,Hard Smax,20,5,5,6,0.001,0.0,True,True,False,1.0,False,0.6682113758027722,0.40494053795387047,0.37095688552493933,0.14530100379842967
0.99,"[8, 8]",kl,True,True,state,0.0,7,100,Hard Smax,20,5,5,6,0.001,0.0,True,True,False,1.0,False,0.14258204031463695,0.05936144499048937,0.4929461715868695,0.16818742586779958
0.99,"[8, 8]",kl,True,False,state,0.0,7,100,Hard Smax,20,5,5,6,0.001,0.0,True,True,False,1.0,False,0.2839323112519978,0.36318985153339034,0.351602813210219,0.24602163930888987
0.99,"[8, 8]",kl,True,True,next state only,1.0,7,100,Hard Smax,20,5,5,6,0.001,0.0,True,True,False,1.0,False,0.3378102102479053,0.3310948948760474,0.4375347126896191,0.21433854335284347
0.99,"[8, 8]",kl,True,False,next state only,0.0,7,100,Hard Smax,100,1,5,6,0.001,0.0,True,True,False,1.0,False,0.17224019432602636,2.0294561486463894e-05,0.4837813426005243,0.18659041717895092
0.99,"[8, 8]",kl,True,False,next state only,1.0,7,100,Hard Smax,20,5,5,6,0.001,0.0,True,True,False,1.0,False,0.3086972556618566,0.35021884094105665,0.4429232878853311,0.24927889280722565
0.99,"[8, 8]",kl,True,True,state,1.0,7,100,Hard Smax,20,5,5,6,0.001,0.0,True,True,False,1.0,False,0.5033576576859289,0.4055067744433763,0.49427675599572185,0.1367123949342217
0.99,"[8, 8]",kl,True,False,state,1.0,7,100,Hard Smax,20,5,5,6,0.001,0.0,True,True,False,1.0,False,0.47338615681236895,0.43085204965943535,0.44917850116082053,0.2344451941041258
0.99,"[8, 8]",kl,True,False,state,1.0,7,100,Hard Smax,100,1,5,6,0.001,0.0,True,True,False,1.0,False,0.12377650862294157,0.12284473346379357,0.13448326257288218,0.4791742768998765
0.99,"[8, 8]",kl,True,True,next state only,0.0,7,100,Hard Smax,100,5,5,6,0.001,0.0,True,True,False,1.0,False,0.6689051051239527,0.40550677444337635,0.6679290057380375,0.33442671264288815
0.99,"[8, 8]",kl,True,False,next state only,0.0,7,100,Hard Smax,100,5,5,6,0.001,0.0,True,True,False,1.0,False,0.8071481179181991,0.38381074726943043,0.6896510588434308,0.17644882311328683
0.99,"[8, 8]",kl,True,True,state,1.0,7,100,Hard Smax,100,5,5,6,0.001,0.5,False,False,True,1.0,False,1.0,0.0,0.7870574953624252,0.13409219580267043
0.99,"[8, 8]",kl,True,True,next state only,1.0,7,100,Hard Smax,100,5,5,6,0.001,0.0,True,True,False,1.0,False,0.8344525525619764,0.3310948948760474,0.7405241597941616,0.2724783548716698
0.99,"[8, 8]",kl,True,False,state,0.0,7,100,Hard Smax,100,5,5,6,0.001,0.0,True,True,False,1.0,False,0.3098752224676434,0.34738191219129577,0.3832079057508063,0.2911225245080037
0.99,"[8, 8]",kl,True,False,next state only,1.0,7,100,Hard Smax,100,5,5,6,0.001,0.0,True,True,False,1.0,False,0.8344525525619764,0.3310948948760474,0.8507616154403461,0.12104941658125817
0.99,"[8, 8]",kl,True,False,next state only,0.0,7,100,Hard Smax,20,1,5,6,0.001,0.5,True,True,False,1.0,False,0.14506186688590791,0.05439123713362052,0.37680607560475915,0.14585251733926205
0.99,"[8, 8]",kl,True,True,next state only,0.0,7,100,Hard Smax,20,1,5,6,0.001,0.5,True,True,False,1.0,False,0.11411412109841693,0.06771786591846106,0.026064789261702283,0.18148293997065792
0.99,"[8, 8]",kl,True,True,state,0.0,7,100,Hard Smax,20,1,5,6,0.001,0.5,True,True,False,1.0,False,0.4800152005386097,0.4254664868919369,0.317445398785833,0.133525332270599
0.99,"[8, 8]",kl,True,False,state,0.0,7,100,Hard Smax,20,1,5,6,0.001,0.5,True,True,False,1.0,False,0.1584446183925321,0.027615559088217556,-0.254584632482133,0.28774222650061937
0.99,"[8, 8]",kl,True,True,next state only,1.0,7,100,Hard Smax,20,1,5,6,0.001,0.5,True,True,False,1.0,False,0.2914729757896191,0.3577686535616963,0.25019936321232816,0.3332230903346625
0.99,"[8, 8]",kl,True,False,state,1.0,7,100,Hard Smax,100,5,5,6,0.001,0.0,True,True,False,1.0,False,1.0,0.0,0.8420827250934778,0.025777894062911172
0.99,"[8, 8]",kl,True,True,state,1.0,7,100,Hard Smax,20,1,5,6,0.001,0.5,True,True,False,1.0,False,0.14383692433576195,0.05682932179840253,-0.4153326510081173,0.18492474326041036
0.99,"[8, 8]",kl,True,True,state,0.0,7,100,Hard Smax,100,5,5,6,0.001,0.0,True,True,False,1.0,False,1.0,0.0,0.8929143332937249,0.029072184206229285
0.99,"[8, 8]",kl,True,False,next state only,1.0,7,100,Hard Smax,20,1,5,6,0.001,0.5,True,True,False,1.0,False,0.17224827794038897,1.5934620102929854e-05,0.17747437066091357,0.2686543975715956
0.99,"[8, 8]",kl,True,False,state,1.0,7,100,Hard Smax,20,1,5,6,0.001,0.5,True,True,False,1.0,False,0.1435111256687206,0.05747917723207033,-0.01689452197582198,0.3061509404764195
0.99,"[8, 8]",kl,True,True,next state only,1.0,7,100,Hard Smax,100,1,5,6,0.001,0.0,True,True,False,1.0,False,0.4002540610376202,0.33860468517054954,0.30927637072325564,0.2853337414520357
0.99,"[8, 8]",kl,True,False,state,0.0,7,100,Hard Smax,100,1,5,6,0.001,0.5,True,True,False,1.0,False,0.17226276280988162,0.0,-0.3749107447168996,0.13960631255964506
0.99,"[8, 8]",kl,True,True,next state only,0.0,7,100,Hard Smax,100,1,5,6,0.001,0.5,True,True,False,1.0,False,0.552281974537104,0.37190659027521716,0.15931081560970456,0.5400106496232352
0.99,"[8, 8]",kl,True,True,state,0.0,7,100,Hard Smax,100,1,5,6,0.001,0.5,True,True,False,1.0,False,0.09481312092646328,0.04450586804824955,0.0722172405533201,0.5638285174620575
0.99,"[8, 8]",kl,True,False,next state only,1.0,7,100,Hard Smax,100,1,5,6,0.001,0.5,True,True,False,1.0,False,0.1721682376101064,0.00015093426973870539,0.372406839571284,0.14087666552353384
0.99,"[8, 8]",kl,True,True,state,1.0,7,100,Hard Smax,100,1,5,6,0.001,0.5,True,True,False,1.0,False,0.1349959178543628,0.03514096539780669,-0.36958165527249315,0.4458539490237988
0.99,"[8, 8]",kl,True,True,next state only,0.0,7,100,Hard Smax,20,5,5,6,0.001,0.5,True,True,False,1.0,False,0.16176152510150074,0.020979631565255872,0.27253519223179123,0.3264096109588911
0.99,"[8, 8]",kl,True,False,next state only,0.0,7,100,Hard Smax,20,5,5,6,0.001,0.5,True,True,False,1.0,False,0.30747444803807056,0.3503098741266809,0.1184197818071028,0.3313458698212133
0.99,"[8, 8]",kl,True,True,state,0.0,7,100,Hard Smax,20,5,5,6,0.001,0.5,True,True,False,1.0,False,0.15666004996012783,0.031205425699507544,0.40904222176597893,0.20963028454723223
0.99,"[8, 8]",kl,True,False,state,0.0,7,100,Hard Smax,20,5,5,6,0.001,0.5,True,True,False,1.0,False,0.08712563427028998,0.06937696209425916,-0.2349738980657919,0.3867059431208105
0.99,"[8, 8]",kl,True,True,next state only,1.0,7,100,Hard Smax,20,5,5,6,0.001,0.5,True,True,False,1.0,False,0.2921449841547696,0.3583211360296002,0.32131793442166007,0.21237037402042602
0.99,"[8, 8]",kl,True,False,next state only,0.0,7,100,Hard Smax,100,1,5,6,0.001,0.5,True,True,False,1.0,False,0.17225230931648702,2.0906986789182013e-05,0.4310538278481194,0.18682945317724772
0.99,"[8, 8]",kl,True,False,next state only,1.0,7,100,Hard Smax,20,5,5,6,0.001,0.5,True,True,False,1.0,False,0.5031591345824444,0.40526375585157587,0.2197272731678634,0.20264725538738035
0.99,"[8, 8]",kl,True,True,state,1.0,7,100,Hard Smax,20,5,5,6,0.001,0.5,True,True,False,1.0,False,0.6688644344128957,0.40547357374592774,0.5639496549384769,0.24852700710677927
0.99,"[8, 8]",kl,True,False,state,1.0,7,100,Hard Smax,100,1,5,6,0.001,0.5,True,True,False,1.0,False,0.1715998227970715,0.0013003726548222333,-0.375669867293561,0.22243371533532894
0.99,"[8, 8]",kl,True,False,state,1.0,7,100,Hard Smax,20,5,5,6,0.001,0.5,True,True,False,1.0,False,0.33689022213372954,0.32925491864769585,0.21714871584963458,0.16978588648216478
0.99,"[8, 8]",kl,True,False,next state only,0.0,7,100,Hard Smax,100,5,5,6,0.001,0.5,True,True,False,1.0,False,0.1203398821859603,0.07983592986872655,0.4779060270259789,0.32726924565036175
0.99,"[8, 8]",kl,True,True,next state only,0.0,7,100,Hard Smax,100,5,5,6,0.001,0.5,True,True,False,1.0,False,0.8344525525619764,0.3310948948760474,0.7512224138315026,0.19403449893016098
0.99,"[8, 8]",kl,True,True,next state only,1.0,7,100,Hard Smax,100,5,5,6,0.001,0.5,True,True,False,1.0,False,0.46325943195642943,0.4399975978066642,0.40135782774672385,0.315880040867042
0.99,"[8, 8]",kl,True,True,state,0.0,7,100,Hard Smax,100,5,5,6,0.001,0.5,True,True,False,1.0,False,0.8344525525619764,0.3310948948760474,0.7614752078126835,0.16333256556401582
0.99,"[8, 8]",kl,True,False,next state only,1.0,7,100,Hard Smax,100,5,5,6,0.001,0.5,True,True,False,1.0,False,0.47800778025355034,0.42830291034872686,0.5040586384187903,0.2594090489977372
0.99,"[8, 8]",kl,True,True,next state only,0.0,7,100,Hard Smax,20,1,5,6,0.001,0.0,False,True,False,1.0,False,0.1687809755298497,0.0069343688916955045,0.1005399095810744,0.111073279681773
0.99,"[8, 8]",kl,True,True,next state only,1.0,7,100,Hard Smax,100,1,5,6,0.001,0.5,True,True,False,1.0,False,0.27549485749482433,0.3639155224678186,-0.053742879666130595,0.4349395066652509
0.99,"[8, 8]",kl,True,False,next state only,0.0,7,100,Hard Smax,20,1,5,6,0.001,0.0,False,True,False,1.0,False,0.16843792652086392,0.007634782211110551,0.23127461382408837,0.1342165293641558
0.99,"[8, 8]",kl,True,False,state,0.0,7,100,Hard Smax,20,1,5,6,0.001,0.0,False,True,False,1.0,False,0.1722471897458915,2.0376219368787627e-05,0.11018963495291831,0.22520375587398705
0.99,"[8, 8]",kl,True,False,next state only,1.0,7,100,Hard Smax,100,5,5,6,0.001,0.5,False,False,True,1.0,False,0.6376154353581847,0.4436567011976153,0.4078707852324337,0.32416124913630506
0.99,"[8, 8]",kl,True,True,state,1.0,7,100,Hard Smax,100,5,5,6,0.001,0.5,True,True,False,1.0,False,1.0,0.0,0.7984652888992857,0.02681141680434185
0.99,"[8, 8]",kl,True,True,next state only,1.0,7,100,Hard Smax,20,1,5,6,0.001,0.0,False,True,False,1.0,False,0.1418080187805454,0.06088605837875576,0.10059053040691893,0.3033517257533689
0.99,"[8, 8]",kl,True,False,state,0.0,7,100,Hard Smax,100,5,5,6,0.001,0.5,True,True,False,1.0,False,0.2679119903028601,0.28862076969366235,-0.46036925119733263,0.4191868215696826
0.99,"[8, 8]",kl,True,True,state,1.0,7,100,Hard Smax,20,1,5,6,0.001,0.0,False,True,False,1.0,False,0.17224842048747857,1.4674908613667394e-05,0.03940792153139576,0.14295024738788087
0.99,"[8, 8]",kl,True,True,state,0.0,7,100,Hard Smax,20,1,5,6,0.001,0.0,False,True,False,1.0,False,0.17223157537008818,4.072999066495015e-05,0.1041777704310191,0.09154730405712762
0.99,"[8, 8]",kl,True,False,state,1.0,7,100,Hard Smax,20,1,5,6,0.001,0.0,False,True,False,1.0,False,0.15525236051520347,0.03400864964354801,0.08683818414127943,0.14107488547350175
0.99,"[8, 8]",kl,True,False,state,1.0,7,100,Hard Smax,100,5,5,6,0.001,0.5,True,True,False,1.0,False,0.17226276280988162,0.0,0.4300444434868836,0.2618919342033146
0.99,"[8, 8]",kl,True,False,next state only,0.0,7,100,Hard Smax,100,1,5,6,0.001,0.0,False,True,False,1.0,False,0.17226276280988162,0.0,0.19275386491727975,0.13254501172275843
0.99,"[8, 8]",kl,True,False,state,0.0,7,100,Hard Smax,100,1,5,6,0.001,0.0,False,True,False,1.0,False,0.1722534347097811,1.8656200201028206e-05,0.13233889647734065,0.07144773082404554
0.99,"[8, 8]",kl,True,True,state,1.0,7,100,Hard Smax,100,5,5,6,0.001,0.0,True,True,False,1.0,False,0.653302392274199,0.425332174217834,0.7499958358495349,0.12986926680172378
0.99,"[8, 8]",kl,True,True,next state only,1.0,7,100,Hard Smax,100,1,5,6,0.001,0.0,False,True,False,1.0,False,0.17225240309645265,2.0719426857962465e-05,0.22817068299412427,0.13824790549257196
0.99,"[8, 8]",kl,True,False,next state only,1.0,7,100,Hard Smax,20,1,5,6,0.001,0.0,False,True,False,1.0,False,0.15935230566397013,0.025800269940020673,0.12126561873606338,0.15496604425647015
0.99,"[8, 8]",kl,True,False,next state only,1.0,7,100,Hard Smax,100,1,5,6,0.001,0.0,False,True,False,1.0,False,0.1722576392751473,1.0247069468594106e-05,0.23481416125899518,0.05181003320239088
0.99,"[8, 8]",kl,True,True,next state only,0.0,7,100,Hard Smax,20,5,5,6,0.001,0.0,False,True,False,1.0,False,0.5033563195457511,0.405507867037616,0.37376035846920963,0.33814825415253214
0.99,"[8, 8]",kl,True,True,state,0.0,7,100,Hard Smax,20,5,5,6,0.001,0.0,False,True,False,1.0,False,0.3786622809240049,0.32058303773142605,0.4107549287705636,0.17456797160780885
0.99,"[8, 8]",kl,True,True,state,1.0,7,100,Hard Smax,100,1,5,6,0.001,0.0,False,True,False,1.0,False,0.17224915135491095,1.829030104472764e-05,0.18201033102746383,0.18629260974669573
0.99,"[8, 8]",kl,True,True,next state only,0.0,7,100,Hard Smax,100,1,5,6,0.001,0.0,False,True,False,1.0,False,0.172252617754829,1.275511560574994e-05,0.22884126699378876,0.16297693332214022
0.99,"[8, 8]",kl,True,True,next state only,1.0,7,100,Hard Smax,20,5,5,6,0.001,0.0,False,True,False,1.0,False,0.3378102102479053,0.3310948948760474,0.4567772310069319,0.2758210952487384
0.99,"[8, 8]",kl,True,False,state,0.0,7,100,Hard Smax,20,5,5,6,0.001,0.0,False,True,False,1.0,False,0.17112611571084557,0.002273294198072107,0.3949693003980937,0.2412080763147607
0.99,"[8, 8]",kl,True,False,next state only,1.0,7,100,Hard Smax,20,5,5,6,0.001,0.0,False,True,False,1.0,False,0.9989382419695694,0.002080693901633242,0.39418589875159854,0.11436679940779745
0.99,"[8, 8]",kl,True,False,state,1.0,7,100,Hard Smax,20,5,5,6,0.001,0.0,False,True,False,1.0,False,0.1349357581630989,0.04672945790259839,0.28245978666314897,0.49650242570967973
0.99,"[8, 8]",kl,True,True,state,1.0,7,100,Hard Smax,20,5,5,6,0.001,0.0,False,True,False,1.0,False,0.637699679424445,0.44372545952843945,0.44222353407973997,0.3488260957269641
0.99,"[8, 8]",kl,True,False,next state only,0.0,7,100,Hard Smax,100,5,5,6,0.001,0.0,False,True,False,1.0,False,0.5032379541494498,0.4053601827642776,0.8012710230515673,0.11409908345342981
0.99,"[8, 8]",kl,True,True,state,0.0,7,100,Hard Smax,100,5,5,6,0.001,0.0,False,True,False,1.0,False,0.6689051051239527,0.4055067744433763,0.7110323875325069,0.23087946325536615
0.99,"[8, 8]",kl,True,True,next state only,0.0,7,100,Hard Smax,100,5,5,6,0.001,0.0,False,True,False,1.0,False,0.8344525525619764,0.3310948948760474,0.788324429424202,0.22678130322992032
0.99,"[8, 8]",kl,True,True,state,0.0,7,100,Hard Smax,100,1,5,6,0.001,0.0,False,True,False,1.0,False,0.12382208088705457,0.059332533831848416,0.09526351941089291,0.08005841723235835
0.99,"[8, 8]",kl,True,False,next state only,0.0,7,100,Hard Smax,20,5,5,6,0.001,0.0,False,True,False,1.0,False,0.6688169460535189,0.40543482481311693,0.4005804252057172,0.1086179159203967
0.99,"[8, 8]",kl,True,False,next state only,1.0,7,100,Hard Smax,100,5,5,6,0.001,0.0,False,True,False,1.0,False,1.0,0.0,0.8026603401541491,0.19170441252698137
0.99,"[8, 8]",kl,True,True,next state only,1.0,7,100,Hard Smax,100,5,5,6,0.001,0.0,False,True,False,1.0,False,1.0,0.0,0.9090353396973528,0.012899982641157656
0.99,"[8, 8]",kl,True,False,next state only,0.0,7,100,Hard Smax,20,1,5,6,0.001,0.5,False,True,False,1.0,False,0.17226276280988162,0.0,0.37166247292783783,0.04520954181125788
0.99,"[8, 8]",kl,True,True,state,0.0,7,100,Hard Smax,20,1,5,6,0.001,0.5,False,True,False,1.0,False,0.17224364993905011,2.3491379330534858e-05,-0.12999913354825268,0.109868397045063
0.99,"[8, 8]",kl,True,False,state,0.0,7,100,Hard Smax,20,1,5,6,0.001,0.5,False,True,False,1.0,False,0.17225179087861184,1.9363896220898907e-05,-0.14185604190999487,0.10120622638476065
0.99,"[8, 8]",kl,True,False,state,0.0,7,100,Hard Smax,100,5,5,6,0.001,0.0,False,True,False,1.0,False,0.17226276280988162,0.0,0.2799960316423782,0.3897935289115427
0.99,"[8, 8]",kl,True,True,next state only,1.0,7,100,Hard Smax,20,1,5,6,0.001,0.5,False,True,False,1.0,False,0.17224637842724544,2.208629662094456e-05,0.33619274274720085,0.1637156438474727
0.99,"[8, 8]",kl,True,False,next state only,1.0,7,100,Hard Smax,20,1,5,6,0.001,0.5,False,True,False,1.0,False,0.17226276280988162,0.0,0.37785446463113487,0.08267746685100558
0.99,"[8, 8]",kl,True,False,state,1.0,7,100,Hard Smax,20,1,5,6,0.001,0.5,False,True,False,1.0,False,0.17226276280988162,0.0,-0.2219573212494712,0.13522402313212803
0.99,"[8, 8]",kl,True,True,state,1.0,7,100,Hard Smax,100,5,5,6,0.001,0.0,False,True,False,1.0,False,0.8039799596733943,0.3917880965399934,0.7236067583224772,0.2704734741471679
0.99,"[8, 8]",kl,True,True,state,1.0,7,100,Hard Smax,20,1,5,6,0.001,0.5,False,True,False,1.0,False,0.17225463357918808,1.6258461387064214e-05,-0.31241893953958605,0.13598349153406072
0.99,"[8, 8]",kl,True,True,next state only,0.0,7,100,Hard Smax,100,1,5,6,0.001,0.5,False,True,False,1.0,False,0.17225902198986595,7.481640031326009e-06,0.20820596425033172,0.18051811731614842
0.99,"[8, 8]",kl,True,True,next state only,0.0,7,100,Hard Smax,20,1,5,6,0.001,0.5,False,True,False,1.0,False,0.15665894435514033,0.031204872970461595,0.3095188827121011,0.22924509691353345
0.99,"[8, 8]",kl,True,False,next state only,0.0,7,100,Hard Smax,100,1,5,6,0.001,0.5,False,True,False,1.0,False,0.17226276280988162,0.0,0.4070892658230272,0.06804514918793926
0.99,"[8, 8]",kl,True,True,state,0.0,7,100,Hard Smax,100,1,5,6,0.001,0.5,False,True,False,1.0,False,0.17226276280988162,0.0,-0.3342857782182181,0.06728899851727115
0.99,"[8, 8]",kl,True,True,next state only,1.0,7,100,Hard Smax,100,1,5,6,0.001,0.5,False,True,False,1.0,False,0.17226276280988162,0.0,0.21300923478915018,0.09834669921452373
0.99,"[8, 8]",kl,True,True,next state only,0.0,7,100,Hard Smax,20,5,5,6,0.001,0.5,False,True,False,1.0,False,0.2791286111465907,0.36636863408676673,0.2307262511202462,0.3841002336563775
0.99,"[8, 8]",kl,True,True,state,1.0,7,100,Hard Smax,100,1,5,6,0.001,0.5,False,True,False,1.0,False,0.17226276280988162,0.0,-0.3079974895314027,0.09860528518066596
0.99,"[8, 8]",kl,True,False,next state only,0.0,7,100,Hard Smax,20,5,5,6,0.001,0.5,False,True,False,1.0,False,0.14251689142207644,0.059475968085217136,0.048308902924505785,0.1497285504518623
0.99,"[8, 8]",kl,True,True,state,0.0,7,100,Hard Smax,20,5,5,6,0.001,0.5,False,True,False,1.0,False,0.6390351819432021,0.44460536500274683,0.5771368461542112,0.2985025948035286
0.99,"[8, 8]",kl,True,False,state,0.0,7,100,Hard Smax,20,5,5,6,0.001,0.5,False,True,False,1.0,False,0.14172571701635922,0.06106524979515061,-0.20366699871476462,0.3095547488386686
0.99,"[8, 8]",kl,True,False,state,1.0,7,100,Hard Smax,100,5,5,6,0.001,0.0,False,True,False,1.0,False,0.9997018967861238,0.00043464685524546,0.7298669028124671,0.22679543495356044
0.99,"[8, 8]",kl,True,False,state,0.0,7,100,Hard Smax,100,1,5,6,0.001,0.5,False,True,False,1.0,False,0.17226276280988162,0.0,-0.37707809070428877,0.1025618070978028
0.99,"[8, 8]",kl,True,True,next state only,1.0,7,100,Hard Smax,20,5,5,6,0.001,0.5,False,True,False,1.0,False,0.32201408565623024,0.33985518997371156,0.1973744537785453,0.21578886710943906
0.99,"[8, 8]",kl,True,False,next state only,1.0,7,100,Hard Smax,20,5,5,6,0.001,0.5,False,True,False,1.0,False,0.3378102102479053,0.3310948948760474,0.2550235420165964,0.2728900333320252
0.99,"[8, 8]",kl,True,False,state,1.0,7,100,Hard Smax,100,1,5,6,0.001,0.0,False,True,False,1.0,False,0.14423561027014692,0.055988693247546524,0.15138915757513055,0.12197809213258749
0.99,"[8, 8]",kl,True,False,state,1.0,7,100,Hard Smax,100,1,5,6,0.001,0.5,False,True,False,1.0,False,0.17226276280988162,0.0,-0.3149631428490332,0.1786876708856847
0.99,"[8, 8]",kl,True,False,state,1.0,7,100,Hard Smax,20,5,5,6,0.001,0.5,False,True,False,1.0,False,0.14677168179790578,0.05095165194852668,-0.04535987494449414,0.21984276429053506
0.99,"[8, 8]",kl,True,True,state,1.0,7,100,Hard Smax,20,5,5,6,0.001,0.5,False,True,False,1.0,False,0.45654951913666764,0.44372545952843945,0.18781079692097052,0.5848872789301398
0.99,"[8, 8]",kl,True,False,next state only,0.0,7,100,Hard Smax,100,5,5,6,0.001,0.5,False,True,False,1.0,False,0.1244822425578223,0.05885142007705904,-0.001331763382502349,0.22092183861115997
0.99,"[8, 8]",kl,True,True,next state only,0.0,7,100,Hard Smax,100,5,5,6,0.001,0.5,False,True,False,1.0,False,0.8344525525619764,0.3310948948760474,0.7389409895250159,0.25330165718967845
0.99,"[8, 8]",kl,True,False,state,0.0,7,100,Hard Smax,100,5,5,6,0.001,0.5,False,True,False,1.0,False,0.10904652063118818,0.05618423723523553,-0.3654975126725982,0.24446854648900498
0.99,"[8, 8]",kl,True,False,state,1.0,7,100,Hard Smax,100,5,5,6,0.001,0.5,False,False,True,1.0,False,0.17226276280988162,0.0,0.322251546796938,0.21375765903151098
0.99,"[8, 8]",kl,True,True,state,1.0,7,100,Hard Smax,100,5,5,6,0.001,0.5,False,True,False,1.0,False,0.48775494483617515,0.4192153144317363,0.17210729546273124,0.35714231501735255
0.99,"[8, 8]",kl,True,True,next state only,0.0,7,100,Hard Smax,20,1,5,6,0.001,0.0,True,False,False,1.0,False,0.13249406941700886,0.05050608558392839,-0.3234661544351071,0.2793659594888263
0.99,"[8, 8]",kl,True,False,state,1.0,7,100,Hard Smax,100,5,5,6,0.001,0.5,False,True,False,1.0,False,0.17226136755627744,2.7905072083611593e-06,0.381280445196391,0.3790085128990051
0.99,"[8, 8]",kl,True,True,state,0.0,7,100,Hard Smax,20,1,5,6,0.001,0.0,True,False,False,1.0,False,0.24133659798004423,0.3796008180302474,0.3441541591489531,0.33778576227024015
0.99,"[8, 8]",kl,True,True,next state only,1.0,7,100,Hard Smax,20,1,5,6,0.001,0.0,True,False,False,1.0,False,0.09520568462588895,0.06359457551289355,0.02513593110519722,0.3073693759257111
0.99,"[8, 8]",kl,True,False,state,0.0,7,100,Hard Smax,20,1,5,6,0.001,0.0,True,False,False,1.0,False,0.1417432920806795,0.0610371463477993,0.15488173646655037,0.2754031689742694
0.99,"[8, 8]",kl,True,False,next state only,1.0,7,100,Hard Smax,20,1,5,6,0.001,0.0,True,False,False,1.0,False,0.15664576160730942,0.031198286751397557,-0.12967306641610324,0.34045391073554704
0.99,"[8, 8]",kl,True,True,state,1.0,7,100,Hard Smax,20,1,5,6,0.001,0.0,True,False,False,1.0,False,0.15310844819876407,0.03815831671114215,0.10658066448383323,0.3612694779849067
0.99,"[8, 8]",kl,True,False,state,1.0,7,100,Hard Smax,20,1,5,6,0.001,0.0,True,False,False,1.0,False,0.1084670692986888,0.06804405687688025,-0.15923104253374318,0.460892694741051
0.99,"[8, 8]",kl,True,True,next state only,1.0,7,100,Hard Smax,100,5,5,6,0.001,0.5,False,True,False,1.0,False,1.0,0.0,0.7940186482143181,0.04203308880515913
0.99,"[8, 8]",kl,True,True,next state only,0.0,7,100,Hard Smax,100,1,5,6,0.001,0.0,True,False,False,1.0,False,0.09618384147837143,0.06731213579991221,0.007204645763121254,0.23500178295944268
0.99,"[8, 8]",kl,True,False,next state only,0.0,7,100,Hard Smax,100,1,5,6,0.001,0.0,True,False,False,1.0,False,0.10019396824594382,0.05542922584857473,0.3187154111718226,0.2337132271158744
0.99,"[8, 8]",kl,True,True,state,0.0,7,100,Hard Smax,100,1,5,6,0.001,0.0,True,False,False,1.0,False,0.09867607540110404,0.05628529276506018,0.1627235504888628,0.2440848440320338
0.99,"[8, 8]",kl,True,True,next state only,1.0,7,100,Hard Smax,100,1,5,6,0.001,0.0,True,False,False,1.0,False,0.14140709200743445,0.06168377570866112,0.04846538353315055,0.40189266745600694
0.99,"[8, 8]",kl,True,False,next state only,1.0,7,100,Hard Smax,100,1,5,6,0.001,0.0,True,False,False,1.0,False,0.08909719715782027,0.06826361995189927,-0.13025409539716973,0.3321370592670121
0.99,"[8, 8]",kl,True,False,next state only,1.0,7,100,Hard Smax,100,5,5,6,0.001,0.5,False,True,False,1.0,False,0.17226276280988162,0.0,0.47101294488585044,0.1308528922793625
0.99,"[8, 8]",kl,True,True,next state only,0.0,7,100,Hard Smax,20,5,5,6,0.001,0.0,True,False,False,1.0,False,0.6689051051239527,0.4055067744433763,0.6083299819661436,0.24576714035873748
0.99,"[8, 8]",kl,True,True,state,0.0,7,100,Hard Smax,20,5,5,6,0.001,0.0,True,False,False,1.0,False,0.3378075707845144,0.33109621464719563,0.3692049290616845,0.2836812641372348
0.99,"[8, 8]",kl,True,False,state,0.0,7,100,Hard Smax,100,1,5,6,0.001,0.0,True,False,False,1.0,False,0.15995041857962872,0.02459131221412106,0.22089413359909837,0.26089841592405866
0.99,"[8, 8]",kl,True,False,state,1.0,7,100,Hard Smax,100,1,5,6,0.001,0.0,True,False,False,1.0,False,0.11345529084138828,0.07217764382920504,0.018690061832897474,0.3593649660873231
0.99,"[8, 8]",kl,True,False,state,0.0,7,100,Hard Smax,20,5,5,6,0.001,0.0,True,False,False,1.0,False,0.33769930254297165,0.3308730794661801,0.2677205743739636,0.22575462904500362
0.99,"[8, 8]",kl,True,False,next state only,1.0,7,100,Hard Smax,20,5,5,6,0.001,0.0,True,False,False,1.0,False,0.6687480121611695,0.40537861003791287,0.36233600277267464,0.19088982718049494
0.99,"[8, 8]",kl,True,False,next state only,0.0,7,100,Hard Smax,20,5,5,6,0.001,0.0,True,False,False,1.0,False,0.6411168482213825,0.44164253205347,0.506115584311501,0.1935524206089726
0.99,"[8, 8]",kl,True,True,state,1.0,7,100,Hard Smax,20,5,5,6,0.001,0.0,True,False,False,1.0,False,0.5033576576859289,0.4055067744433763,0.48813392151712004,0.2877797923974694
0.99,"[8, 8]",kl,True,True,state,1.0,7,100,Hard Smax,100,1,5,6,0.001,0.0,True,False,False,1.0,False,0.09109330561654183,0.06623056762803926,-0.08847689016743807,0.2285600390322642
0.99,"[8, 8]",kl,True,True,next state only,1.0,7,100,Hard Smax,20,5,5,6,0.001,0.0,True,False,False,1.0,False,0.5033576576859291,0.40550677444337635,0.593606612395511,0.18090084580908955
0.99,"[8, 8]",kl,True,False,state,1.0,7,100,Hard Smax,20,5,5,6,0.001,0.0,True,False,False,1.0,False,0.5033576576859289,0.4055067744433763,0.5450978472330551,0.2136830009857925
0.99,"[8, 8]",kl,True,False,next state only,0.0,7,100,Hard Smax,20,1,5,6,0.001,0.0,True,False,False,1.0,False,0.1523337375778935,0.03983258419592732,0.3550753072457623,0.25788930486035994
0.99,"[8, 8]",kl,True,False,next state only,0.0,7,100,Hard Smax,100,5,5,6,0.001,0.0,True,False,False,1.0,False,0.6688123444025527,0.4054310710035379,0.5742303832785612,0.22385945812392774
0.99,"[8, 8]",kl,True,True,next state only,1.0,7,100,Hard Smax,100,5,5,6,0.001,0.0,True,False,False,1.0,False,1.0,0.0,0.9205616742356317,0.024918019699206637
0.99,"[8, 8]",kl,True,True,state,0.0,7,100,Hard Smax,100,5,5,6,0.001,0.5,False,True,False,1.0,False,0.8344525525619764,0.3310948948760474,0.6868190623691978,0.2547030943235914
0.99,"[8, 8]",kl,True,True,state,0.0,7,100,Hard Smax,100,5,5,6,0.001,0.0,True,False,False,1.0,False,1.0,0.0,0.8985476175334401,0.030968467383578523
0.99,"[8, 8]",kl,True,False,next state only,0.0,7,100,Hard Smax,20,1,5,6,0.001,0.5,True,False,False,1.0,False,0.17226240378645985,7.18046843528608e-07,0.5198944355561878,0.1387484276784076
0.99,"[8, 8]",kl,True,False,state,1.0,7,100,Hard Smax,100,5,5,6,0.001,0.0,True,False,False,1.0,False,0.999775941158289,0.0004481176834217671,0.7323903229166818,0.20372830132546682
0.99,"[8, 8]",kl,True,True,state,1.0,7,100,Hard Smax,100,5,5,6,0.001,0.0,True,False,False,1.0,False,1.0,0.0,0.8238543048538292,0.027194493442232966
0.99,"[8, 8]",kl,True,True,state,0.0,7,100,Hard Smax,20,1,5,6,0.001,0.5,True,False,False,1.0,False,0.29122985195867723,0.3583737471501383,0.3129628688378609,0.23210010570291287
0.99,"[8, 8]",kl,True,False,state,0.0,7,100,Hard Smax,20,1,5,6,0.001,0.5,True,False,False,1.0,False,0.17224711290690095,2.3011922565749178e-05,-0.23678872332912393,0.09949100529920622
0.99,"[8, 8]",kl,True,True,next state only,1.0,7,100,Hard Smax,20,1,5,6,0.001,0.5,True,False,False,1.0,False,0.09846985387051284,0.06218376819116387,0.157023704925653,0.5386485592461772
0.99,"[8, 8]",kl,True,False,state,0.0,7,100,Hard Smax,100,5,5,6,0.001,0.0,True,False,False,1.0,False,0.6101120856328274,0.4727368033302935,0.6102114728689624,0.20637902867968724
0.99,"[8, 8]",kl,True,True,state,1.0,7,100,Hard Smax,20,1,5,6,0.001,0.5,True,False,False,1.0,False,0.09743067715980433,0.061421093377816205,-0.14472355552259036,0.26406153869545146
0.99,"[8, 8]",kl,True,False,next state only,1.0,7,100,Hard Smax,20,1,5,6,0.001,0.5,True,False,False,1.0,False,0.12382901841715184,0.059596574832385465,0.20974253219486766,0.17161841066189476
0.99,"[8, 8]",kl,True,True,next state only,0.0,7,100,Hard Smax,20,1,5,6,0.001,0.5,True,False,False,1.0,False,0.12384309519523198,0.03706407303552849,0.05236742853196978,0.49800191373893876
0.99,"[8, 8]",kl,True,False,state,1.0,7,100,Hard Smax,20,1,5,6,0.001,0.5,True,False,False,1.0,False,0.12631442619867422,0.05654957718336086,-0.2547903802506566,0.085483183346898
0.99,"[8, 8]",kl,True,False,next state only,0.0,7,100,Hard Smax,100,1,5,6,0.001,0.5,True,False,False,1.0,False,0.17224870382340116,2.3190034157993352e-05,0.4702807336572744,0.17647736394742572
0.99,"[8, 8]",kl,True,True,next state only,1.0,7,100,Hard Smax,100,1,5,6,0.001,0.5,True,False,False,1.0,False,0.3785560824745988,0.31811875420712393,0.38652423262437546,0.26779523962304824
0.99,"[8, 8]",kl,True,True,state,0.0,7,100,Hard Smax,100,1,5,6,0.001,0.5,True,False,False,1.0,False,0.2738881737616299,0.36395646220840255,-0.06994379924012736,0.5851900840565901
0.99,"[8, 8]",kl,True,True,next state only,0.0,7,100,Hard Smax,100,5,5,6,0.001,0.0,True,False,False,1.0,False,0.5033475833929291,0.40551500048629563,0.5238212558466848,0.3527562902423324
0.99,"[8, 8]",kl,True,False,next state only,1.0,7,100,Hard Smax,100,1,5,6,0.001,0.5,False,True,False,1.0,False,0.1722591688333472,7.187953068876762e-06,0.2762780583185028,0.177172925154971
0.99,"[8, 8]",kl,True,False,next state only,1.0,7,100,Hard Smax,100,1,5,6,0.001,0.5,True,False,False,1.0,False,0.17224797894666066,6.681859127977092e-06,0.23322628140617013,0.05156450363488113
0.99,"[8, 8]",kl,True,True,state,0.0,7,100,Hard Smax,20,5,5,6,0.001,0.5,True,False,False,1.0,False,0.17226276280988162,0.0,0.2898951613048012,0.10926523865125393
0.99,"[8, 8]",kl,True,True,state,1.0,7,100,Hard Smax,100,1,5,6,0.001,0.5,True,False,False,1.0,False,0.16013729960993772,0.014575472440420161,0.07554604355733512,0.6221826652658228
0.99,"[8, 8]",kl,True,False,state,0.0,7,100,Hard Smax,20,5,5,6,0.001,0.5,True,False,False,1.0,False,0.12205783830256096,0.0635220341300951,0.23355349185073448,0.3463467005655194
0.99,"[8, 8]",kl,True,True,next state only,0.0,7,100,Hard Smax,20,5,5,6,0.001,0.5,True,False,False,1.0,False,0.3378102102479053,0.3310948948760474,0.3474031286356386,0.30418993193133
0.99,"[8, 8]",kl,True,True,next state only,0.0,7,100,Hard Smax,100,1,5,6,0.001,0.5,True,False,False,1.0,False,0.29876904120336123,0.3510154491853141,0.4061068291867116,0.214544921225048
0.99,"[8, 8]",kl,True,True,next state only,1.0,7,100,Hard Smax,20,5,5,6,0.001,0.5,True,False,False,1.0,False,0.3162609503406227,0.3444069711356692,0.23098590121202672,0.3305781922889492
0.99,"[8, 8]",kl,True,False,next state only,1.0,7,100,Hard Smax,20,5,5,6,0.001,0.5,True,False,False,1.0,False,0.8341846574462867,0.3309613539055365,0.3468475826806601,0.2922983892226997
0.99,"[8, 8]",kl,True,False,state,1.0,7,100,Hard Smax,20,5,5,6,0.001,0.5,True,False,False,1.0,False,0.1552584350602017,0.034008114924658696,0.13860300092449346,0.37627581915065356
0.99,"[8, 8]",kl,True,False,state,1.0,7,100,Hard Smax,100,1,5,6,0.001,0.5,True,False,False,1.0,False,0.17224711476199617,1.2105748536392402e-05,-0.052850708674432444,0.1763612587397191
0.99,"[8, 8]",kl,True,True,state,1.0,7,100,Hard Smax,20,5,5,6,0.001,0.5,True,False,False,1.0,False,0.3099470796533992,0.3492199677770336,0.36916861564861986,0.22767210007284786
0.99,"[8, 8]",kl,True,False,next state only,0.0,7,100,Hard Smax,100,5,5,6,0.001,0.5,True,False,False,1.0,False,0.18594203389521283,0.06863895716910542,-0.08770861178902407,0.49303061341839766
0.99,"[8, 8]",kl,True,True,next state only,0.0,7,100,Hard Smax,100,5,5,6,0.001,0.5,True,False,False,1.0,False,1.0,0.0,0.8496100303498031,0.013098275801216743
0.99,"[8, 8]",kl,True,False,next state only,0.0,7,100,Hard Smax,20,5,5,6,0.001,0.5,True,False,False,1.0,False,0.29805956072747947,0.3537771915696958,0.08307224622420664,0.4418391110639328
0.99,"[8, 8]",kl,True,False,next state only,1.0,7,100,Hard Smax,100,5,5,6,0.001,0.5,True,False,False,1.0,False,0.8336635293267882,0.3307008639335411,0.4420778788260698,0.253740440168249
0.99,"[8, 8]",kl,True,False,state,0.0,7,100,Hard Smax,100,5,5,6,0.001,0.5,True,False,False,1.0,False,0.1974041365318629,0.13243587527188574,-0.18493974785774375,0.5457490155049664
0.99,"[8, 8]",kl,True,True,state,1.0,7,100,Hard Smax,100,5,5,6,0.001,0.5,True,False,False,1.0,False,0.6689051051239527,0.4055067744433763,0.5514141770740933,0.3156673921709297
0.99,"[8, 8]",kl,True,True,next state only,0.0,7,100,Hard Smax,20,1,5,6,0.001,0.0,False,False,False,1.0,False,0.15663230232645453,0.031191557474215967,0.09403235976706316,0.4195540253791136
0.99,"[8, 8]",kl,True,False,next state only,0.0,7,100,Hard Smax,20,1,5,6,0.001,0.0,False,False,False,1.0,False,0.17225461223541352,1.006702393104052e-05,0.24593963017572457,0.16367888419320767
0.99,"[8, 8]",kl,True,True,state,0.0,7,100,Hard Smax,20,1,5,6,0.001,0.0,False,False,False,1.0,False,0.45758654376169233,0.4333292250203107,0.1360272338905713,0.4747434918932384
0.99,"[8, 8]",kl,True,False,state,0.0,7,100,Hard Smax,20,1,5,6,0.001,0.0,False,False,False,1.0,False,0.14325466904735207,0.057984005750593884,-0.06696621087955534,0.12973696055251213
0.99,"[8, 8]",kl,True,False,next state only,1.0,7,100,Hard Smax,20,1,5,6,0.001,0.0,False,False,False,1.0,False,0.14219666442539008,0.0600860052046061,-0.06801999515975987,0.4097259456165107
0.99,"[8, 8]",kl,True,True,state,1.0,7,100,Hard Smax,20,1,5,6,0.001,0.0,False,False,False,1.0,False,0.15664970144443086,0.031200255021211168,-0.02171564316227951,0.28180620605225193
0.99,"[8, 8]",kl,True,True,next state only,1.0,7,100,Hard Smax,20,1,5,6,0.001,0.0,False,False,False,1.0,False,0.264966333807601,0.3711588520729061,0.06557037782913505,0.3419597639520379
0.99,"[8, 8]",kl,True,False,state,1.0,7,100,Hard Smax,20,1,5,6,0.001,0.0,False,False,False,1.0,False,0.11073761941230595,0.07553036881298128,-0.46751356418617573,0.3420164651430942
0.99,"[8, 8]",kl,True,True,state,0.0,7,100,Hard Smax,100,5,5,6,0.001,0.5,True,False,False,1.0,False,1.0,0.0,0.851543446175414,0.02719664065664778
0.99,"[8, 8]",kl,True,True,next state only,0.0,7,100,Hard Smax,100,1,5,6,0.001,0.0,False,False,False,1.0,False,0.12225135456533172,0.09823841842341693,-0.22264468987598246,0.39515842395020667
0.99,"[8, 8]",kl,True,True,state,0.0,7,100,Hard Smax,100,1,5,6,0.001,0.0,False,False,False,1.0,False,0.14938391063342732,0.03095183279870276,0.15822783228348808,0.2611267061075641
0.99,"[8, 8]",kl,True,False,next state only,0.0,7,100,Hard Smax,100,1,5,6,0.001,0.0,False,False,False,1.0,False,0.17226117989921025,3.165821342787645e-06,0.24722324050738553,0.1484337106491178
0.99,"[8, 8]",kl,True,False,state,0.0,7,100,Hard Smax,100,1,5,6,0.001,0.5,True,False,False,1.0,False,0.17225567742957032,1.3350126895204316e-05,-0.2740865407954033,0.1040466896764031
0.99,"[8, 8]",kl,True,True,next state only,1.0,7,100,Hard Smax,100,1,5,6,0.001,0.0,False,False,False,1.0,False,0.17223173102184364,4.212591337673333e-05,-0.21516482053470912,0.38500558872350066
0.99,"[8, 8]",kl,True,True,next state only,1.0,7,100,Hard Smax,100,5,5,6,0.001,0.5,True,False,False,1.0,False,0.5033576576859289,0.4055067744433763,0.45306709288889147,0.24142980753708435
0.99,"[8, 8]",kl,True,True,next state only,0.0,7,100,Hard Smax,20,5,5,6,0.001,0.0,False,False,False,1.0,False,0.3378102102479053,0.3310948948760474,0.3186960039365932,0.2804065076917817
0.99,"[8, 8]",kl,True,False,next state only,1.0,7,100,Hard Smax,100,1,5,6,0.001,0.0,False,False,False,1.0,False,0.14255087071103506,0.05938625735466144,-0.05867690880370028,0.2867984530192794
0.99,"[8, 8]",kl,True,True,state,0.0,7,100,Hard Smax,20,5,5,6,0.001,0.0,False,False,False,1.0,False,0.5033576576859289,0.4055067744433763,0.7013296691048577,0.1688761604599489
0.99,"[8, 8]",kl,True,False,state,0.0,7,100,Hard Smax,100,1,5,6,0.001,0.0,False,False,False,1.0,False,0.1549124343093591,0.03415058082714052,-0.14488304421560502,0.38367359429560116
0.99,"[8, 8]",kl,True,False,state,0.0,7,100,Hard Smax,20,5,5,6,0.001,0.0,False,False,False,1.0,False,0.14743635359374896,0.04965281843226534,0.19809031387525297,0.19379833559524356
0.99,"[8, 8]",kl,True,True,next state only,1.0,7,100,Hard Smax,20,5,5,6,0.001,0.0,False,False,False,1.0,False,0.3378102102479053,0.3310948948760474,0.33910516578125277,0.26488646789128883
0.99,"[8, 8]",kl,True,False,state,1.0,7,100,Hard Smax,20,5,5,6,0.001,0.0,False,False,False,1.0,False,0.17226276280988162,0.0,0.4018086785358664,0.179931369264486
0.99,"[8, 8]",kl,True,True,state,1.0,7,100,Hard Smax,20,5,5,6,0.001,0.0,False,False,False,1.0,False,0.5033576576859289,0.4055067744433763,0.57152444643042,0.27481550083718703
0.99,"[8, 8]",kl,True,False,next state only,0.0,7,100,Hard Smax,20,5,5,6,0.001,0.0,False,False,False,1.0,False,0.6689051051239527,0.4055067744433763,0.5919497927260204,0.2561959007375826
0.99,"[8, 8]",kl,True,True,state,1.0,7,100,Hard Smax,100,1,5,6,0.001,0.0,False,False,False,1.0,False,0.1179644113770935,0.06692212317020725,0.04600595066108919,0.34047086241860763
0.99,"[8, 8]",kl,True,False,next state only,1.0,7,100,Hard Smax,20,5,5,6,0.001,0.0,False,False,False,1.0,False,0.6689051051239527,0.4055067744433763,0.5815139088209312,0.25456330665442245
0.99,"[8, 8]",kl,True,True,next state only,0.0,7,100,Hard Smax,100,5,5,6,0.001,0.0,False,False,False,1.0,False,0.8344525525619764,0.3310948948760474,0.8455533313383808,0.18469418247977812
0.99,"[8, 8]",kl,True,False,next state only,0.0,7,100,Hard Smax,100,5,5,6,0.001,0.0,False,False,False,1.0,False,0.9992131290241104,0.0007751370281166952,0.7918479524576106,0.1248524304346983
0.99,"[8, 8]",kl,True,False,state,0.0,7,100,Hard Smax,100,5,5,6,0.001,0.0,False,False,False,1.0,False,0.4620589848580883,0.4368633028401809,0.5969785174858532,0.31974370293208293
0.99,"[8, 8]",kl,True,False,next state only,1.0,7,100,Hard Smax,100,5,5,6,0.001,0.0,False,False,False,1.0,False,0.5033576576859289,0.4055067744433763,0.6080858063629536,0.28755117301761174
0.99,"[8, 8]",kl,True,True,state,1.0,7,100,Hard Smax,100,5,5,6,0.001,0.0,False,False,False,1.0,False,0.6689051051239527,0.40550677444337635,0.6636371532371009,0.255665145057193
0.99,"[8, 8]",kl,True,True,next state only,0.0,7,100,Hard Smax,20,1,5,6,0.001,0.5,False,False,False,1.0,False,0.17226012737125987,4.289556250543227e-06,0.2508414802998355,0.05669908655147064
0.99,"[8, 8]",kl,True,True,next state only,1.0,7,100,Hard Smax,100,5,5,6,0.001,0.0,False,False,False,1.0,False,1.0,0.0,0.9107795925021961,0.024582917993258815
0.99,"[8, 8]",kl,True,False,next state only,0.0,7,100,Hard Smax,20,1,5,6,0.001,0.5,False,False,False,1.0,False,0.10032345694169639,0.0632057661257534,0.4091853364370291,0.21731083000386361
0.99,"[8, 8]",kl,True,True,state,0.0,7,100,Hard Smax,20,1,5,6,0.001,0.5,False,False,False,1.0,False,0.13243124129386008,0.05354161102714339,0.17114871257843872,0.21957222866749013
0.99,"[8, 8]",kl,True,True,next state only,1.0,7,100,Hard Smax,20,1,5,6,0.001,0.5,False,False,False,1.0,False,0.11670843086535902,0.06803489995545815,0.6263284857099535,0.08122331691111827
0.99,"[8, 8]",kl,True,False,next state only,1.0,7,100,Hard Smax,20,1,5,6,0.001,0.5,False,False,False,1.0,False,0.1441414018366457,0.03477712333575254,0.5701995821709662,0.11714462806761998
0.99,"[8, 8]",kl,True,False,state,0.0,7,100,Hard Smax,20,1,5,6,0.001,0.5,False,False,False,1.0,False,0.17225162433048755,2.2276958788125525e-05,0.4316337563182663,0.1893346130203077
0.99,"[8, 8]",kl,True,True,state,1.0,7,100,Hard Smax,20,1,5,6,0.001,0.5,False,False,False,1.0,False,0.1525116846881318,0.039502156243499606,0.5663393859398796,0.0823055059070648
0.99,"[8, 8]",kl,True,False,state,1.0,7,100,Hard Smax,20,1,5,6,0.001,0.5,False,False,False,1.0,False,0.17226276280988162,0.0,0.5441104727656978,0.12188713328062127
0.99,"[8, 8]",kl,True,False,state,1.0,7,100,Hard Smax,100,5,5,6,0.001,0.0,False,False,False,1.0,False,0.6689051051239526,0.40550677444337635,0.6526404218662467,0.2971501945971666
0.99,"[8, 8]",kl,True,True,state,0.0,7,100,Hard Smax,100,5,5,6,0.001,0.0,False,False,False,1.0,False,0.6689051051239526,0.40550677444337635,0.6828030440252422,0.26695879418971963
0.99,"[8, 8]",kl,True,True,state,0.0,7,100,Hard Smax,100,1,5,6,0.001,0.5,False,False,False,1.0,False,0.09424919856111276,0.0,0.629769397233858,0.09252508739140165
0.99,"[8, 8]",kl,True,False,next state only,0.0,7,100,Hard Smax,100,1,5,6,0.001,0.5,False,False,False,1.0,False,0.10985184205348601,0.031205286984746495,0.677743000838961,0.08166207477120387
0.99,"[8, 8]",kl,True,False,state,0.0,7,100,Hard Smax,100,1,5,6,0.001,0.5,False,False,False,1.0,False,0.12544268258830188,0.03820406424898533,0.6424388494054347,0.0675331947499209
0.99,"[8, 8]",kl,True,False,next state only,1.0,7,100,Hard Smax,100,1,5,6,0.001,0.5,False,False,False,1.0,False,0.09987796381924213,0.06379879203504203,0.597613068816899,0.06194217550777385
0.99,"[8, 8]",kl,True,True,state,1.0,7,100,Hard Smax,100,1,5,6,0.001,0.5,False,False,False,1.0,False,0.1571072059063344,0.030311022010557853,0.6472062581139921,0.03271579152230727
0.99,"[8, 8]",kl,True,True,next state only,0.0,7,100,Hard Smax,100,1,5,6,0.001,0.5,False,False,False,1.0,False,0.08361724381276556,0.053145764444149805,0.5016203609257609,0.1617295848992949
0.99,"[8, 8]",kl,True,True,next state only,0.0,7,100,Hard Smax,20,5,5,6,0.001,0.5,False,False,False,1.0,False,0.5031248712002823,0.4052218375491153,0.4349195724914342,0.1972027559031877
0.99,"[8, 8]",kl,True,False,next state only,0.0,7,100,Hard Smax,20,5,5,6,0.001,0.5,False,False,False,1.0,False,0.12818484239657807,0.05767707756406092,0.4134417776865167,0.17803806438940986
0.99,"[8, 8]",kl,True,False,state,1.0,7,100,Hard Smax,100,1,5,6,0.001,0.0,False,False,False,1.0,False,0.14947412391697598,0.04556054182684614,0.005405633616435102,0.371479927239303
0.99,"[8, 8]",kl,True,False,state,0.0,7,100,Hard Smax,20,5,5,6,0.001,0.5,False,False,False,1.0,False,0.17226276280988162,0.0,0.2697589070457399,0.29789034543163345
0.99,"[8, 8]",kl,True,True,next state only,1.0,7,100,Hard Smax,20,5,5,6,0.001,0.5,False,False,False,1.0,False,1.0,0.0,0.541946686203665,0.04810014413245748
0.99,"[8, 8]",kl,True,True,state,1.0,7,100,Hard Smax,20,5,5,6,0.001,0.5,False,False,False,1.0,False,1.0,0.0,0.7041081933016033,0.17758395971086097
0.99,"[8, 8]",kl,True,True,state,0.0,7,100,Hard Smax,20,5,5,6,0.001,0.5,False,False,False,1.0,False,1.0,0.0,0.561002806604508,0.12190939470121982
0.99,"[8, 8]",kl,True,False,state,1.0,7,100,Hard Smax,20,5,5,6,0.001,0.5,False,False,False,1.0,False,0.17226276280988162,0.0,0.5014828163922426,0.10658782733993623
0.99,"[8, 8]",kl,True,False,state,1.0,7,100,Hard Smax,100,1,5,6,0.001,0.5,False,False,False,1.0,False,0.09868034399083185,0.0622111599111725,0.5312489271795215,0.1527654958115134
0.99,"[8, 8]",kl,True,True,next state only,0.0,7,100,Hard Smax,100,5,5,6,0.001,0.5,False,False,False,1.0,False,1.0,0.0,0.8176578704052151,0.09906285604343755
0.99,"[8, 8]",kl,True,False,next state only,1.0,7,100,Hard Smax,20,5,5,6,0.001,0.5,False,False,False,1.0,False,0.999644318776016,0.0007113624479679004,0.5387850368613634,0.044851478279198435
0.99,"[8, 8]",kl,True,True,state,0.0,7,100,Hard Smax,100,5,5,6,0.001,0.5,False,False,False,1.0,False,1.0,0.0,0.7458441366753281,0.13791957997850754
0.99,"[8, 8]",kl,True,False,state,0.0,7,100,Hard Smax,100,5,5,6,0.001,0.5,False,False,False,1.0,False,0.17226276280988162,0.0,-0.24111179154305978,0.1048558108355448
0.99,"[8, 8]",kl,True,False,state,1.0,7,100,Hard Smax,100,5,5,6,0.001,0.5,True,False,False,1.0,False,0.17226276280988162,0.0,0.49884897912420917,0.1902078208845676
0.99,"[8, 8]",kl,True,True,next state only,1.0,7,100,Hard Smax,100,5,5,6,0.001,0.5,False,False,False,1.0,False,1.0,0.0,0.6034809258020405,0.16148046712531233
0.99,"[8, 8]",kl,True,True,next state only,1.0,7,100,Hard Smax,100,1,5,6,0.001,0.5,False,False,False,1.0,False,0.14963653205014943,0.03084443813255732,0.6104627101968398,0.12963215502709427
0.99,"[8, 8]",kl,True,False,next state only,0.0,7,100,Hard Smax,100,5,5,6,0.001,0.5,False,False,False,1.0,False,0.12544817114031773,0.0382107830213394,0.04524734141358555,0.13208914382448878
0.99,"[8, 8]",kl,True,False,next state only,1.0,7,100,Hard Smax,100,5,5,6,0.001,0.0,True,False,False,1.0,False,0.8341712378274735,0.33095468585963994,0.7713163662849221,0.2613567025576065
0.99,"[8, 8]",kl,True,True,state,1.0,7,100,Hard Smax,100,5,5,6,0.001,0.5,False,False,False,1.0,False,0.8344070546984257,0.33107215766786224,0.6035917025432884,0.19434194671448868
0.99,"[8, 8]",kl,True,False,state,1.0,7,100,Hard Smax,100,5,5,6,0.001,0.5,False,False,False,1.0,False,0.17226276280988162,0.0,0.2961236603159171,0.12179706667277537
0.99,"[8, 8]",kl,True,False,next state only,1.0,7,100,Hard Smax,100,5,5,6,0.001,0.5,False,False,False,1.0,False,0.8336703477601878,0.3307043125393328,0.3701079832458814,0.15630679043280044
